"TIME" "day","TOA","SWin","LWin","Tair","RH","rain"
"yyyy-mm-dd HH:MM:SS","TF","W.m-2","W.m-2","W.m-2","Celsius","%","mm"
2010-10-10 00:15:00,FALSE,0,0,380.494601616574,13.9077777862549,84.3194427490234,0
2010-10-10 00:30:00,FALSE,0,0,380.396601616574,13.9194440841675,84.6016693115234,0
2010-10-10 00:45:00,FALSE,0,0,377.316601616574,13.96555519104,84.8899993896484,0
2010-10-10 01:00:00,FALSE,0,0,378.926797492242,13.9156427383423,85.7385482788086,0
2010-10-10 01:15:00,FALSE,0,0,380.575797492242,13.9396648406982,86.0904998779297,0
2010-10-10 01:30:00,FALSE,0,0,379.736797492242,13.9849996566772,86.2077789306641,0
2010-10-10 01:45:00,FALSE,0,0,374.956797492242,13.9694442749023,86.6244430541992,0
2010-10-10 02:00:00,FALSE,0,0,355.817556152344,13.9748601913452,86.7044677734375,0
2010-10-10 02:15:00,FALSE,0,0,338.420760260795,13.9344444274902,87.120002746582,0
2010-10-10 02:30:00,FALSE,0,0,340.520760260795,13.9099998474121,87.3472213745117,0
2010-10-10 02:45:00,FALSE,0,0,331.783204926955,13.9250001907349,87.1261138916016,0
2010-10-10 03:00:00,FALSE,0,0,324.723204926955,13.9179773330688,86.8752822875977,0
2010-10-10 03:15:00,FALSE,0,0,318.276210813175,13.8772220611572,86.663330078125,0
2010-10-10 03:30:00,FALSE,0,0,315.2197775287,13.8088884353638,86.5455551147461,0
2010-10-10 03:45:00,FALSE,0,0,322.3997775287,13.7194442749023,86.4566650390625,0
2010-10-10 04:00:00,FALSE,0,0,326.773904682912,13.6178770065308,86.6558685302734,0
2010-10-10 04:15:00,FALSE,0,0,330.46859188533,13.4977779388428,87.0016632080078,0
2010-10-10 04:30:00,FALSE,0,0,327.703838745608,13.3527774810791,87.4850006103516,0
2010-10-10 04:45:00,FALSE,0,0,316.826009879044,13.2861108779907,87.6433334350586,0
2010-10-10 05:00:00,FALSE,0,0,314.922933372191,13.2335195541382,87.5111694335938,0
2010-10-10 05:15:00,FALSE,0,0,316.220414963177,13.1494445800781,87.8133316040039,0
2010-10-10 05:30:00,FALSE,0,0,312.878454262337,13.0403318405151,88.158561706543,0
2010-10-10 05:45:00,FALSE,0,0,320.7062044272,12.9344444274902,88.5033340454102,0
2010-10-10 06:00:00,FALSE,0,0,351.568454262337,12.9044694900513,88.4161987304688,0
2010-10-10 06:15:00,FALSE,0,0.875,371.592933372191,12.9683332443237,87.8155517578125,0
2010-10-10 06:30:00,TRUE,32.3616327100093,2.556,377.040009879044,12.9288892745972,87.7227783203125,0
2010-10-10 06:45:00,TRUE,86.3297121305661,9.9,356.046009879044,12.9122219085693,87.8566665649414,0
2010-10-10 07:00:00,TRUE,139.392709849583,22.96,343.396009879044,12.9955310821533,87.836311340332,0
2010-10-10 07:15:00,TRUE,191.32331792067,34.38,347.019644873537,13.0883331298828,87.857780456543,0
2010-10-10 07:30:00,TRUE,241.899079323897,43.55,363.96859188533,13.1044445037842,88.0344467163086,0
2010-10-10 07:45:00,TRUE,290.903340911678,62.79,364.1597775287,13.2038888931274,88.5622253417969,0
2010-10-10 08:00:00,TRUE,338.126181492132,60.53,371.756210813175,13.241340637207,89.0670394897461,0
2010-10-10 08:15:00,TRUE,383.365311073807,66.18,377.813204926956,13.3227777481079,89.4161148071289,0
2010-10-10 08:30:00,TRUE,426.426937420179,87.8,375.898877205582,13.4838886260986,89.6238861083984,0
2010-10-10 08:45:00,TRUE,467.126596201214,97.2,377.296601616574,13.6094446182251,89.3727798461914,0
2010-10-10 09:00:00,TRUE,505.289941186505,143.6,366.84407770971,13.8581008911133,88.8340759277344,0
2010-10-10 09:15:00,TRUE,540.753491094526,191.2,359.445682186657,14.0249996185303,87.908332824707,0
2010-10-10 09:30:00,TRUE,573.365329899122,219.3,353.499757575796,14.296667098999,86.4394454956055,0
2010-10-10 09:45:00,TRUE,602.985757592923,193.6,364.901472638415,14.4472217559814,85.2066650390625,0
2010-10-10 10:00:00,TRUE,629.487888620456,168.5,349.380330443244,14.5893850326538,83.4720687866211,0
2010-10-10 10:15:00,TRUE,652.758195417068,238.8,357.695479022059,14.8583335876465,80.3211135864258,0
2010-10-10 10:30:00,TRUE,672.696994725637,408.5,309.6147587212,15.1066665649414,76.0738906860352,0
2010-10-10 10:45:00,TRUE,689.218874607551,494.1,297.652659750216,15.164999961853,69.7383346557617,0
2010-10-10 11:00:00,TRUE,702.253060319095,504.3,298.489624541409,15.2709493637085,65.7569808959961,0
2010-10-10 11:15:00,TRUE,711.743717485717,515.6,300.092667298277,15.3327779769897,62.9466667175293,0
2010-10-10 11:30:00,TRUE,717.650191275645,523.6,300.105126229044,15.3599996566772,59.7294425964355,0
2010-10-10 11:45:00,TRUE,719.947180548275,530.3,300.864894767947,15.4472217559814,57.4855537414551,0
2010-10-10 12:00:00,TRUE,718.624846231383,532.4,299.245665208543,16.5558662414551,51.685474395752,0
2010-10-10 12:15:00,TRUE,713.688853462948,537.5,299.62702696465,17.0616664886475,49.3505554199219,0
2010-10-10 12:30:00,TRUE,705.160347317076,532,299.791526028462,17.4344444274902,48.3822212219238,0
2010-10-10 12:45:00,TRUE,693.075862218111,524.6,301.273255217225,17.6744441986084,48.6927795410156,0
2010-10-10 13:00:00,TRUE,677.487165430917,517,299.958395170871,17.5089378356934,48.8189926147461,0
2010-10-10 13:15:00,TRUE,658.461035297932,506.2,298.491526028462,17.4061107635498,48.156665802002,0
2010-10-10 13:30:00,TRUE,636.078975172965,492.1,297.845665208543,17.5394439697266,47.3211097717285,0
2010-10-10 13:45:00,TRUE,610.436864277098,471.6,298.674664139039,17.656665802002,47.7144432067871,0
2010-10-10 14:00:00,TRUE,581.644546972586,448.4,298.9089804375,17.8502788543701,45.7955322265625,0
2010-10-10 14:15:00,TRUE,549.825362214072,421.7,298.52702696465,17.7883338928223,45.5383338928223,0
2010-10-10 14:30:00,TRUE,515.115615192842,396.4,298.62702696465,17.9799995422363,44.3494453430176,0
2010-10-10 14:45:00,TRUE,477.663993437629,368.4,297.0089804375,18.2348575592041,42.0234298706055,0
2010-10-10 15:00:00,TRUE,437.630929873117,338.2,296.964894767947,18.3286876678467,41.662296295166,0
2010-10-10 15:15:00,TRUE,395.187915564792,302.8,296.305126229044,18.5094451904297,40.6466674804688,0
2010-10-10 15:30:00,TRUE,350.516765094006,258.7,292.615332129055,18.4144439697266,39.5733337402344,0
2010-10-10 15:45:00,TRUE,303.808837710438,153.2,288.004600262926,18.3033332824707,37.0005569458008,0
2010-10-10 16:00:00,TRUE,255.264217598144,89.1,290.136640477287,18.2653636932373,41.1849174499512,0
2010-10-10 16:15:00,TRUE,205.090856766931,30.18,287.4147587212,18.0622215270996,42.4005546569824,0
2010-10-10 16:30:00,TRUE,153.503684240383,69.58,286.377975594318,17.8950004577637,43.1938896179199,0
2010-10-10 16:45:00,TRUE,100.723685357057,79.7,286.077975594318,17.6644439697266,45.0094451904297,0
2010-10-10 17:00:00,TRUE,46.9769551282667,46.01,285.990061412544,17.4173183441162,47.7670402526855,0
2010-10-10 17:15:00,FALSE,0,18.63,284.829832429189,17.0205554962158,49.8211097717285,0
2010-10-10 17:30:00,FALSE,0,1.487,283.481755693978,16.602222442627,51.7383346557617,0
2010-10-10 17:45:00,FALSE,0,0,281.620330443244,16.2083339691162,53.668888092041,0
2010-10-10 18:00:00,FALSE,0,0,279.62146411276,15.814525604248,54.7776527404785,0
2010-10-10 18:15:00,FALSE,0,0,277.631702804357,15.4766664505005,55.7355537414551,0
2010-10-10 18:30:00,FALSE,0,0,276.151021348677,15.0051946640015,57.8571434020996,0
2010-10-10 18:45:00,FALSE,0,0,275.6793946112,14.3872222900391,60.5999984741211,0
2010-10-10 19:00:00,FALSE,0,0,275.056601616574,13.7508382797241,63.028491973877,0
2010-10-10 19:15:00,FALSE,0,0,273.700760260795,13.4049997329712,65.537223815918,0
2010-10-10 19:30:00,FALSE,0,0,272.753904682912,13.1707181930542,68.9972381591797,0
2010-10-10 19:45:00,FALSE,0,0,272.849644873537,12.9716663360596,70.8949966430664,0
2010-10-10 20:00:00,FALSE,0,0,271.850414963177,12.6234636306763,72.7664794921875,0
2010-10-10 20:15:00,FALSE,0,0,271.4562044272,12.4616670608521,74.3994445800781,0
2010-10-10 20:30:00,FALSE,0,0,271.167002751998,12.175555229187,76.6050033569336,0
2010-10-10 20:45:00,FALSE,0,0,271.210312482044,12.0977773666382,77.8527755737305,0
2010-10-10 21:00:00,FALSE,0,0,270.629435574495,11.8810052871704,80.0111694335938,0
2010-10-10 21:15:00,FALSE,0,0,271.1782854375,11.8199996948242,81.3038864135742,0
2010-10-10 21:30:00,FALSE,0,0,284.353539545318,11.7755556106567,82.2155532836914,0
2010-10-10 21:45:00,FALSE,0,0,342.299435574495,11.7972221374512,82.8111114501953,0
2010-10-10 22:00:00,FALSE,0,0,366.272799434983,11.7944135665894,83.5424575805664,0
2010-10-10 22:15:00,FALSE,0,0,367.840312482044,11.7561111450195,84.283332824707,0
2010-10-10 22:30:00,FALSE,0,0,366.320312482044,11.7733335494995,84.5855560302734,0
2010-10-10 22:45:00,FALSE,0,0,365.422799434983,11.6850004196167,85.3555526733398,0
2010-10-10 23:00:00,FALSE,0,0,364.755840595235,11.6189947128296,85.6547470092773,0
2010-10-10 23:15:00,FALSE,0,0,364.539435574495,11.5722217559814,85.745002746582,0
2010-10-10 23:30:00,FALSE,0,0,361.699435574495,11.5100002288818,86.0122222900391,0
2010-10-10 23:45:00,FALSE,0,0,358.413583984594,11.5705556869507,85.9861145019531,0
2010-10-11 00:00:00,FALSE,0,0,345.093583984594,11.643575668335,85.9173202514648,0
2010-10-11 00:15:00,FALSE,0,0,333.889435574495,11.7144441604614,85.8783340454102,0
2010-10-11 00:30:00,FALSE,0,0,282.853539545318,11.7022218704224,85.9716644287109,0
2010-10-11 00:45:00,FALSE,0,0,278.705704174783,11.7094440460205,85.9944458007812,0
2010-10-11 01:00:00,FALSE,0,0,293.249345920287,11.6944131851196,86.0703887939453,0
2010-10-11 01:15:00,FALSE,0,0,291.853539545318,11.8055553436279,85.4944458007812,0
2010-10-11 01:30:00,FALSE,0,0,331.215840595235,11.9955558776855,84.6977767944336,0
2010-10-11 01:45:00,FALSE,0,0,341.828380124856,12.0827779769897,84.0177764892578,0
2010-10-11 02:00:00,FALSE,0,0,349.99618075218,12.1033515930176,83.4843597412109,0
2010-10-11 02:15:00,FALSE,0,0,333.457002751998,11.9927778244019,83.4300003051758,0
2010-10-11 02:30:00,FALSE,0,0,323.058380124856,11.953332901001,83.3311080932617,0
2010-10-11 02:45:00,FALSE,0,0,342.638380124856,12.0666666030884,84.4327774047852,0
2010-10-11 03:00:00,FALSE,0,0,354.488380124856,12.0055866241455,84.7905044555664,0
2010-10-11 03:15:00,FALSE,0,0,355.098380124856,11.8605556488037,84.1016693115234,0
2010-10-11 03:30:00,FALSE,0,0,331.630312482044,11.6105556488037,81.9922256469727,0
2010-10-11 03:45:00,FALSE,0,0,339.225840595235,11.442777633667,81.8094482421875,0
2010-10-11 04:00:00,FALSE,0,0,322.113583984594,11.4134082794189,81.4078216552734,0
2010-10-11 04:15:00,FALSE,0,0,307.523583984594,11.3927774429321,81.4144439697266,0
2010-10-11 04:30:00,FALSE,0,0,279.529345920287,11.3994445800781,81.9872207641602,0
2010-10-11 04:45:00,FALSE,0,0,287.629345920287,11.2877779006958,82.1733322143555,0
2010-10-11 05:00:00,FALSE,0,0,291.005704174783,11.2134075164795,82.2972030639648,0
2010-10-11 05:15:00,FALSE,0,0,284.68261392132,11.1700000762939,82.1711120605469,0
2010-10-11 05:30:00,FALSE,0,0,284.53808634124,11.0177774429321,82.9599990844727,0
2010-10-11 05:45:00,FALSE,0,0,272.975421482049,10.8999996185303,83.3716659545898,0
2010-10-11 06:00:00,FALSE,0,0,271.0556320512,10.8402233123779,83.6145248413086,0
2010-10-11 06:15:00,FALSE,0,0,269.436391403786,10.6794443130493,84.2483367919922,0
2010-10-11 06:30:00,TRUE,26.1876127323434,3.153,268.717699153409,10.6016578674316,84.3972396850586,0
2010-10-11 06:45:00,TRUE,80.0985251328143,13.25,269.417699153409,10.5711107254028,84.3266677856445,0
2010-10-11 07:00:00,TRUE,133.10106852543,32.73,267.1556320512,10.5,84.2664794921875,0
2010-10-11 07:15:00,TRUE,184.968196437173,49.53,265.395760082868,10.4849996566772,83.7316665649414,0
2010-10-11 07:30:00,TRUE,235.477726232376,81.6,265.5782854375,10.5977773666382,82.1544418334961,0
2010-10-11 07:45:00,TRUE,284.413290872721,106.7,265.482799434983,10.6566667556763,81.5872192382812,0
2010-10-11 08:00:00,TRUE,331.56526576457,138.6,265.8562044272,10.803352355957,80.2620086669922,0
2010-10-11 08:15:00,TRUE,376.731666723347,176.4,266.649644873537,10.9233331680298,79.1033325195312,0
2010-10-11 08:30:00,TRUE,419.71901520812,218.2,268.526210813175,11.0716667175293,78.0466690063477,0
2010-10-11 08:45:00,TRUE,460.343167120285,254.7,269.077556152344,11.2472219467163,77.1766662597656,0
2010-10-11 09:00:00,TRUE,498.430101615997,291.3,270.1793946112,11.5011177062988,76.0201110839844,0
2010-10-11 09:15:00,TRUE,533.816666553224,325.5,272.631702804357,11.8183336257935,73.0194473266602,0
2010-10-11 09:30:00,TRUE,566.351277380272,360.1,275.069758887044,12.1288890838623,70.7777786254883,0
2010-10-11 09:45:00,TRUE,595.894566472068,390.9,275.319757575796,12.1694440841675,70.4144439697266,0
2010-10-11 10:00:00,TRUE,622.319980132509,423.4,275.969758887044,12.3821229934692,69.5391082763672,0
2010-10-11 10:15:00,TRUE,645.514320705699,450,277.945479022059,12.8027782440186,66.5733337402344,0
2010-10-11 10:30:00,TRUE,665.378231473724,472.6,279.107350592389,12.9405555725098,62.6966667175293,0
2010-10-11 10:45:00,TRUE,681.826622264015,496.2,278.947601437747,12.8616666793823,60.5383338928223,0
2010-10-11 11:00:00,TRUE,694.789033943052,512.2,279.4147587212,13.303352355957,57.2597770690918,0
2010-10-11 11:15:00,TRUE,704.20994023508,522.2,281.171103853399,13.8000001907349,56.647777557373,0
2010-10-11 11:30:00,TRUE,710.048985573069,534.3,281.5061477632,14.2005558013916,55.7327766418457,0
2010-10-11 11:45:00,TRUE,712.281157962939,538.4,283.504600262926,14.9155559539795,54.3822212219238,0
2010-10-11 12:00:00,TRUE,710.896896120744,533.1,286.552659750216,15.212290763855,53.9189949035645,0
2010-10-11 12:15:00,TRUE,705.902130423823,528.2,287.742073700844,15.3488893508911,52.3266677856445,0
2010-10-11 12:30:00,TRUE,697.318257500554,527.7,289.524023599122,15.9405555725098,49.3194427490234,0
2010-10-11 12:45:00,TRUE,685.182048567624,518.6,289.841626228044,16.226110458374,47.4716682434082,0
2010-10-11 13:00:00,TRUE,669.545491907514,506.3,291.389624541409,16.343017578125,47.2793312072754,0
2010-10-11 13:15:00,TRUE,650.475570160977,493.7,290.895972362336,16.40944480896,46.0355567932129,0
2010-10-11 13:30:00,TRUE,628.053973388588,477.6,290.715332129055,16.5305557250977,44.6211128234863,0
2010-10-11 13:45:00,TRUE,602.376749130615,458,290.968506438913,16.6222229003906,43.6699981689453,0
2010-10-11 14:00:00,TRUE,573.553890964171,436.4,290.868506438913,16.8877086639404,42.6307258605957,0
2010-10-11 14:15:00,TRUE,541.70886732019,415,289.215332129055,16.9044437408447,40.1366653442383,0
2010-10-11 14:30:00,TRUE,506.978092578902,389.2,289.552659750216,16.8555564880371,40.3733329772949,0
2010-10-11 14:45:00,TRUE,469.510342709005,353.5,290.4818804167,16.8566665649414,43.1922225952148,0
2010-10-11 15:00:00,TRUE,429.466117954361,325.6,288.373045521346,16.7687149047852,42.6290512084961,0
2010-10-11 15:15:00,TRUE,387.016955297885,294.9,286.869456916498,16.9661102294922,41.147777557373,0
2010-10-11 15:30:00,TRUE,342.344693647998,251.6,285.741771809268,16.8083324432373,41.7599983215332,0
2010-10-11 15:45:00,TRUE,295.640694895281,141.1,282.829832429189,16.6205558776855,42.6500015258789,0
2010-10-11 16:00:00,TRUE,247.105024176389,101.6,281.801200530044,16.6368713378906,43.1737442016602,0
2010-10-11 16:15:00,TRUE,196.945592856254,34.61,281.990331310103,16.6916675567627,44.9055557250977,0
2010-10-11 16:30:00,TRUE,145.377267900253,61.69,282.190331310103,16.351110458374,47.4544448852539,0
2010-10-11 16:45:00,TRUE,92.6209514512074,65.35,283.281755693978,15.9572219848633,50.7900009155273,0
2010-10-11 17:00:00,TRUE,38.9026345542526,35.59,282.669758887044,15.6167593002319,52.5988845825195,0
2010-10-11 17:15:00,FALSE,0,11.34,283.2254469047,15.2834253311157,54.6121559143066,0
2010-10-11 17:30:00,FALSE,0,0.655,282.251021348677,14.8205556869507,57.2861099243164,0
2010-10-11 17:45:00,FALSE,0,0,280.3793946112,14.5033330917358,58.3666648864746,0
2010-10-11 18:00:00,FALSE,0,0,279.596968916775,14.1402235031128,59.0715065002441,0
2010-10-11 18:15:00,FALSE,0,0,279.077556152344,13.7188892364502,60.7150001525879,0
2010-10-11 18:30:00,FALSE,0,0,278.963204926955,13.2312059402466,62.9794311523438,0
2010-10-11 18:45:00,FALSE,0,0,278.753904682912,12.8766670227051,64.728889465332,0
2010-10-11 19:00:00,FALSE,0,0,277.949644873537,12.5368719100952,67.7486038208008,0
2010-10-11 19:15:00,FALSE,0,0,276.718454262337,12.4327774047852,70.3966674804688,0
2010-10-11 19:30:00,FALSE,0,0,278.59618075218,12.1244440078735,73.3077774047852,0
2010-10-11 19:45:00,FALSE,0,0,286.110312482044,11.8933334350586,75.4261093139648,0
2010-10-11 20:00:00,FALSE,0,0,307.705840595235,11.6508378982544,76.7726287841797,0
2010-10-11 20:15:00,FALSE,0,0,335.515840595235,11.4544448852539,77.6494445800781,0
2010-10-11 20:30:00,FALSE,0,0,326.913583984594,11.2722225189209,78.5861129760742,0
2010-10-11 20:45:00,FALSE,0,0,313.559345920287,11.1505556106567,79.3183364868164,0
2010-10-11 21:00:00,FALSE,0,0,325.705704174783,11.022346496582,79.8044662475586,0
2010-10-11 21:15:00,FALSE,0,0,318.230074772544,10.7872219085693,80.9072189331055,0
2010-10-11 21:30:00,FALSE,0,0,328.215760082868,10.5544443130493,82.1722259521484,0
2010-10-11 21:45:00,FALSE,0,0,346.915760082868,10.4727773666382,82.4516677856445,0
2010-10-11 22:00:00,FALSE,0,0,354.075760082868,10.4033517837524,82.6324005126953,0
2010-10-11 22:15:00,FALSE,0,0,347.8856320512,10.3000001907349,83.0555572509766,0
2010-10-11 22:30:00,FALSE,0,0,322.916391403786,10.2183427810669,83.2408294677734,0
2010-10-11 22:45:00,FALSE,0,0,286.064908922544,10.1738891601562,83.4094467163086,0
2010-10-11 23:00:00,FALSE,0,0,273.93245034262,10.0910615921021,83.4441375732422,0
2010-10-11 23:15:00,FALSE,0,0,268.4878571207,9.96833324432373,83.9305572509766,0
2010-10-11 23:30:00,FALSE,0,0,268.274083078139,9.91777801513672,84.0972213745117,0
2010-10-11 23:45:00,FALSE,0,0,275.160853576108,9.81555557250977,84.5,0
2010-10-12 00:00:00,FALSE,0,0,298.234083078139,9.68659210205078,84.7396621704102,0
2010-10-20 00:15:00,FALSE,0,0,240.622908513612,4.96777772903442,76.3844451904297,0
2010-10-20 00:30:00,FALSE,0,0,241.022908513612,4.88666677474976,76.1672210693359,0
2010-10-20 00:45:00,FALSE,0,0,241.134314003086,4.76222229003906,76.2955551147461,0
2010-10-20 01:00:00,FALSE,0,0,239.9587043952,4.7083797454834,77.055305480957,0
2010-10-20 01:15:00,FALSE,0,0,239.8587043952,4.58500003814697,77.037223815918,0
2010-10-20 01:30:00,FALSE,0,0,239.6587043952,4.49444437026978,76.0883331298828,0
2010-10-20 01:45:00,FALSE,0,0,239.571688540963,4.46833324432373,75.3622207641602,0
2010-10-20 02:00:00,FALSE,0,0,238.68519814884,4.34804487228394,75.0737457275391,0
2010-10-20 02:15:00,FALSE,0,0,237.89923284073,4.18944454193115,75.0677795410156,0
2010-10-20 02:30:00,FALSE,0,0,237.113792238674,4.10333347320557,75.3016662597656,0
2010-10-20 02:45:00,FALSE,0,0,236.428875964844,3.9655556678772,74.5294418334961,0
2010-10-20 03:00:00,FALSE,0,0,235.94448364155,3.96368718147278,73.9240188598633,0
2010-10-20 03:15:00,FALSE,0,0,235.360614891238,3.82833337783813,74.3694458007812,0
2010-10-20 03:30:00,FALSE,0,0,235.677269336491,3.79999995231628,74.7544479370117,0
2010-10-20 03:45:00,FALSE,0,0,235.694446600027,3.76388883590698,75.1466674804688,0
2010-10-20 04:00:00,FALSE,0,0,234.9121463047,3.66033530235291,75.2893829345703,0
2010-10-20 04:15:00,FALSE,0,0,234.5303680735,3.57111120223999,75.6650009155273,0
2010-10-20 04:30:00,FALSE,0,0,234.7303680735,3.55888891220093,75.6433334350586,0
2010-10-20 04:45:00,FALSE,0,0,234.549111529554,3.49611115455627,75.9966659545898,0
2010-10-20 05:00:00,FALSE,0,0,234.068376296124,3.44636869430542,75.9737396240234,0
2010-10-20 05:15:00,FALSE,0,0,233.288161996609,3.30777788162231,76.2688903808594,0
2010-10-20 05:30:00,FALSE,0,0,233.308468254544,3.25055551528931,76.3566665649414,0
2010-10-20 05:45:00,FALSE,0,0,233.329294693599,3.21277785301208,76.4055557250977,0
2010-10-20 06:00:00,FALSE,0,0,233.529294693599,3.17486023902893,76.2128524780273,0
2010-10-20 06:15:00,FALSE,0,0,233.429294693599,3.12611103057861,76.2738876342773,0
2010-10-20 06:30:00,FALSE,0,0,233.129294693599,3.02111101150513,76.1327743530273,0
2010-10-20 06:45:00,TRUE,24.0030310899723,3.53,232.029294693599,2.90555548667908,76.396110534668,0
2010-10-20 07:00:00,TRUE,76.3982688545783,16.23,230.708468254544,2.7536313533783,76.6251373291016,0
2010-10-20 07:15:00,TRUE,127.639121011174,36.35,230.1121463047,2.85111117362976,76.3983306884766,0
2010-10-20 07:30:00,TRUE,177.50611363521,61.41,228.913792238674,2.88333344459534,75.2477798461914,0
2010-10-20 07:45:00,TRUE,225.785657384753,88.3,229.634314003086,3.05666661262512,74.7377777099609,0
2010-10-20 08:00:00,TRUE,272.2709623402,119.5,229.46555533199,3.07821226119995,73.1486053466797,0
2010-10-20 08:15:00,TRUE,316.762923720332,154,229.137899834942,3.19111108779907,71.9461135864258,0
2010-10-20 08:30:00,TRUE,359.070974680786,191.9,229.527255185544,3.22222232818604,70.995002746582,0
2010-10-20 08:45:00,TRUE,399.013902542412,227.1,230.312347293302,3.45666670799255,69.3072204589844,0
2010-10-20 09:00:00,TRUE,436.420624953458,260.1,231.812444632417,3.87159085273743,67.0244293212891,0
2010-10-20 09:15:00,TRUE,471.130922661148,294.8,231.822925391685,4.07277774810791,65.3322219848633,0
2010-10-20 09:30:00,TRUE,502.996125754033,328.9,232.638248293044,4.21833324432373,64.0294418334961,0
2010-10-20 09:45:00,TRUE,531.879750436093,359.6,233.438248293044,4.371666431427,62.9616661071777,0
2010-10-20 10:00:00,TRUE,557.658083604888,382,234.902860707067,4.56536293029785,62.0407829284668,0
2010-10-20 10:15:00,TRUE,580.220712730238,405.5,236.036026654158,4.5533332824707,61.4449996948242,0
2010-10-20 10:30:00,TRUE,599.470998763694,425.6,237.092890370023,4.625,60.5505561828613,0
2010-10-20 10:45:00,TRUE,615.326490053438,436.3,238.224428464844,5.02277755737305,58.4700012207031,0
2010-10-20 11:00:00,TRUE,627.719275491703,456.9,242.664908922544,5.91955327987671,55.8849143981934,0
2010-10-20 11:15:00,TRUE,636.596275382253,464.4,240.381958298847,6.30055570602417,53.401668548584,0
2010-10-20 11:30:00,TRUE,641.919468782028,484.8,240.136391403786,6.5872220993042,51.4605560302734,0
2010-10-20 11:45:00,TRUE,643.666056343382,484.9,242.417699153409,6.86777782440186,49.6988906860352,0
2010-10-20 12:00:00,TRUE,641.828557959411,501.9,246.13808634124,7.17374324798584,48.6804466247559,0
2010-10-20 12:15:00,TRUE,636.41484479421,503,246.360074772544,7.26611089706421,47.7972221374512,0
2010-10-20 12:30:00,TRUE,627.448105560949,465.5,243.336391403786,7.15277767181396,47.6311111450195,0
2010-10-20 12:45:00,TRUE,614.966747192221,487.9,246.93808634124,7.46055555343628,47.1922225952148,0
2010-10-20 13:00:00,TRUE,599.024230328215,477,242.7556320512,7.26424598693848,45.6279335021973,0
2010-10-20 13:15:00,TRUE,579.688840327337,453.5,240.995760082868,7.55722236633301,43.2999992370605,0
2010-10-20 13:30:00,TRUE,557.043394780205,434.3,243.58261392132,7.80777788162231,43.5722236633301,0
2010-10-20 13:45:00,TRUE,531.184888779786,414.4,242.275421482049,7.67999982833862,43.5583343505859,0
2010-10-20 14:00:00,TRUE,502.224079467122,393.2,242.2556320512,7.64413404464722,43.5318450927734,0
2010-10-20 14:15:00,TRUE,470.285011632196,369.4,241.436391403786,7.85722208023071,41.5833320617676,0
2010-10-20 14:30:00,TRUE,435.504486401752,342.2,241.436391403786,7.81166648864746,42.695556640625,0
2010-10-20 14:45:00,TRUE,398.031475290139,314,240.999554913805,7.78722238540649,41.7172241210938,0
2010-10-20 15:00:00,TRUE,358.026482122598,281.2,239.648406399041,7.83687162399292,41.4217872619629,0
2010-10-20 15:15:00,TRUE,315.66085556418,248.4,238.902176088828,7.96000003814697,40.1805572509766,0
2010-10-20 15:30:00,TRUE,271.116055199013,213.1,236.313373277266,7.91388893127441,38.5988883972168,0
2010-10-20 15:45:00,TRUE,224.582874303207,98.6,234.432602005595,7.76166677474976,39.125,0
2010-10-20 16:00:00,TRUE,176.260622640668,102.5,234.422925391685,7.77318429946899,38.9944152832031,0
2010-10-20 16:15:00,TRUE,126.356272781837,33.55,233.612444632417,7.58674049377441,39.2331504821777,0
2010-10-20 16:30:00,TRUE,75.0835736021002,31.14,233.808142438686,7.41722202301025,39.4594459533691,0
2010-10-20 16:45:00,TRUE,22.6621347567106,31.95,233.208142438686,7.37222242355347,39.5683326721191,0
2010-10-20 17:00:00,FALSE,0,4.736,232.805968246267,7.18268156051636,40.5424575805664,0
2010-10-20 17:15:00,FALSE,0,0,233.709952,7.12944459915161,41.9011116027832,0
2010-10-20 17:30:00,FALSE,0,0,231.015275639259,6.96777772903442,42.0527763366699,0
2010-10-20 17:45:00,FALSE,0,0,230.822729965996,6.83055543899536,41.8155555725098,0
2010-10-20 18:00:00,FALSE,0,0,231.727255185544,6.80167579650879,42.3508377075195,0
2010-10-20 18:15:00,FALSE,0,0,231.532311935284,6.67666673660278,43.102222442627,0
2010-10-20 18:30:00,FALSE,0,0,231.737899834942,6.57666683197021,43.787223815918,0
2010-10-20 18:45:00,FALSE,0,0,233.037899834942,6.7155556678772,44.2088890075684,0
2010-10-20 19:00:00,FALSE,0,0,232.844018504376,6.57765340805054,44.5832405090332,0
2010-10-20 19:15:00,FALSE,0,0,233.044018504376,6.58277797698975,45.2966651916504,0
2010-10-20 19:30:00,FALSE,0,0,232.844018504376,6.41717767715454,46.1472396850586,0
2010-10-20 19:45:00,FALSE,0,0,232.650667563585,6.47222232818604,46.6100006103516,0
2010-10-20 20:00:00,FALSE,0,0,232.550667563585,6.47430181503296,47.0770950317383,0
2010-10-20 20:15:00,FALSE,0,0,232.3578466327,6.29833316802979,47.6161117553711,0
2010-10-20 20:30:00,FALSE,0,0,232.373793281861,6.37444448471069,48.7961120605469,0
2010-10-20 20:45:00,FALSE,0,0,231.591855415643,6.17277765274048,49.5072212219238,0
2010-10-20 21:00:00,FALSE,0,0,230.601678841044,6.15586614608765,49.9949722290039,0
2010-10-20 21:15:00,FALSE,0,0,229.812030000005,5.87333345413208,50.406665802002,0
2010-10-20 21:30:00,FALSE,0,0,229.934314003086,5.97555541992188,51.1483345031738,0
2010-10-20 21:45:00,FALSE,0,0,230.1587043952,5.50111103057861,54.4033317565918,0
2010-10-20 22:00:00,FALSE,0,0,230.68519814884,5.30391073226929,57.2173194885254,0
2010-10-20 22:15:00,FALSE,0,0,230.013792238674,4.82000017166138,57.526668548584,0
2010-10-20 22:30:00,FALSE,0,0,229.74448364155,4.58222198486328,59.2405548095703,0
2010-10-20 22:45:00,FALSE,0,0,229.360614891238,4.44055557250977,60.8588905334473,0
2010-10-20 23:00:00,FALSE,0,0,228.677269336491,4.28268146514893,61.6759757995605,0
2010-10-20 23:15:00,FALSE,0,0,228.594446600027,3.8922221660614,63.1305541992188,0
2010-10-20 23:30:00,FALSE,0,0,228.449111529554,3.62388896942139,65.6688919067383,0
2010-10-20 23:45:00,FALSE,0,0,228.668376296124,3.52055549621582,64.5588912963867,0
2010-10-21 00:00:00,FALSE,0,0,228.108468254544,3.01284909248352,65.911735534668,0
2010-10-25 00:15:00,FALSE,0,0,239.99923284073,4.48999977111816,74.6600036621094,0
2010-10-25 00:30:00,FALSE,0,0,240.09923284073,4.37666654586792,74.4649963378906,0
2010-10-25 00:45:00,FALSE,0,0,240.39923284073,4.2877779006958,73.8927764892578,0
2010-10-25 01:00:00,FALSE,0,0,240.113792238674,4.24860334396362,73.4983215332031,0
2010-10-25 01:15:00,FALSE,0,0,239.913792238674,4.16111087799072,73.1155548095703,0
2010-10-25 01:30:00,FALSE,0,0,240.028875964844,4.02166652679443,73.6311111450195,0
2010-10-25 01:45:00,FALSE,0,0,240.128875964844,4.003333568573,73.48388671875,0
2010-10-25 02:00:00,FALSE,0,0,239.34448364155,3.91117310523987,73.489387512207,0
2010-10-25 02:15:00,FALSE,0,0,239.060614891239,3.91731834411621,73.3474884033203,0
2010-10-25 02:30:00,FALSE,0,0,238.94448364155,3.89888882637024,73.2294464111328,0
2010-10-25 02:45:00,FALSE,0,0,237.477269336491,3.72722220420837,73.6699981689453,0
2010-10-25 03:00:00,FALSE,0,0,236.5121463047,3.70000004768372,73.7837982177734,0
2010-10-25 03:15:00,FALSE,0,0,236.2303680735,3.65027618408203,73.8535919189453,0
2010-10-25 03:30:00,FALSE,0,0,236.1303680735,3.54722213745117,73.7594451904297,0
2010-10-25 03:45:00,FALSE,0,0,236.349111529554,3.45666670799255,74.0761108398438,0
2010-10-25 04:00:00,FALSE,0,0,236.188161996609,3.43072628974915,73.9256973266602,0
2010-10-25 04:15:00,FALSE,0,0,236.388161996609,3.32555556297302,73.6566696166992,0
2010-10-25 04:30:00,FALSE,0,0,235.788161996609,3.29944443702698,73.5322189331055,0
2010-10-25 04:45:00,FALSE,0,0,235.888161996609,3.20111107826233,73.6822204589844,0
2010-10-25 05:00:00,FALSE,0,0,235.508468254544,3.21508383750916,73.3452529907227,0
2010-10-25 05:15:00,FALSE,0,0,235.308468254544,3.20388889312744,73.2799987792969,0
2010-10-25 05:30:00,FALSE,0,0,234.529294693599,3.08277773857117,73.6044464111328,0
2010-10-25 05:45:00,FALSE,0,0,234.650640937581,3.11666655540466,73.7988891601562,0
2010-10-25 06:00:00,FALSE,0,0,235.572506610433,3.26089382171631,73.6290512084961,0
2010-10-25 06:15:00,FALSE,0,0,235.872506610433,3.14944434165955,73.9811096191406,0
2010-10-25 06:30:00,FALSE,0,0,235.272506610433,3.02222228050232,74.554443359375,0
2010-10-25 06:45:00,FALSE,0,0.236,234.994891336235,3.04166674613953,74.9038925170898,0
2010-10-25 07:00:00,TRUE,45.0926274140894,7.273,234.972506610433,3.16815638542175,74.4502792358398,0
2010-10-25 07:15:00,TRUE,95.9576263709039,23.3,233.888161996609,3.18722224235535,74.1444473266602,0
2010-10-25 07:30:00,TRUE,145.446766507188,46.13,232.728875964844,3.12111115455627,73.8811111450195,0
2010-10-25 07:45:00,TRUE,193.348093635689,71.19,233.134314003086,3.27055549621582,73.5977783203125,0
2010-10-25 08:00:00,TRUE,239.45645402393,98.1,234.744018504376,3.58826804161072,72.4055862426758,0
2010-10-25 08:15:00,TRUE,283.574373032357,129.2,233.915275639259,3.54222226142883,71.9605560302734,0
2010-10-25 08:30:00,TRUE,325.512900863633,163.3,235.005708974507,3.84500002861023,70.9483337402344,0
2010-10-25 08:45:00,TRUE,365.092421800317,196.4,236.222925391685,4.03111124038696,70.142219543457,0
2010-10-25 09:00:00,TRUE,402.143423465795,229.7,236.951158743916,4.12569808959961,69.8145217895508,0
2010-10-25 09:15:00,TRUE,436.507222813404,262.2,238.083461882051,4.3033332824707,69.0749969482422,0
2010-10-25 09:30:00,TRUE,468.036645734703,292,239.736026654158,4.55111122131348,68.4077758789062,0
2010-10-25 09:45:00,TRUE,496.596657376192,320.6,240.948168229702,4.6816668510437,68.1849975585938,0
2010-10-25 10:00:00,TRUE,522.064940465088,344.5,243.481958298847,5.28324031829834,66.3106155395508,0
2010-10-25 10:15:00,TRUE,544.332419167182,367.1,245.395760082868,5.45722198486328,65.6277770996094,0
2010-10-25 10:30:00,TRUE,563.30372623334,382.8,248.538380124856,6.23000001907349,63.0838890075684,0
2010-10-25 10:45:00,TRUE,578.897611433924,402.1,248.425914514253,6.18055534362793,61.9777793884277,0
2010-10-25 11:00:00,TRUE,591.047289532,414.3,250.749644873537,6.41005563735962,60.7173194885254,0
2010-10-25 11:15:00,TRUE,599.700726304986,423.6,251.983838745608,6.69999980926514,59.8861122131348,0
2010-10-25 11:30:00,TRUE,604.820861389889,432.2,252.338877205582,6.79444456100464,58.5605545043945,0
2010-10-25 11:45:00,TRUE,606.385766997742,437,252.963204926955,7.12388896942139,58.0200004577637,0
2010-10-25 12:00:00,TRUE,604.388741817573,436.7,254.407266765528,8.39664840698242,55.0005569458008,0
2010-10-25 12:15:00,TRUE,598.838339707776,434.3,254.340228666651,8.40444469451904,53.0711097717285,0
2010-10-25 12:30:00,TRUE,589.758333052084,436.5,255.06407770971,8.68833351135254,51.1761093139648,0
2010-10-25 12:45:00,TRUE,577.187610937141,429.5,256.251021348677,9.26333332061768,48.7077789306641,0
2010-10-25 13:00:00,TRUE,561.180012587778,413.6,256.540228666651,9.31899452209473,48.1804466247559,0
2010-10-25 13:15:00,TRUE,541.804096773568,404.8,258.685682186657,9.81444454193115,46.5088882446289,0
2010-10-25 13:30:00,TRUE,519.142848174058,377.5,257.531702804357,10.1111106872559,45.2627792358398,0
2010-10-25 13:45:00,TRUE,493.293321960656,357.8,257.985682186657,10.1166667938232,44.0022239685059,0
2010-10-25 14:00:00,TRUE,464.366228117078,334,256.06407770971,10.0212287902832,43.2960891723633,0
2010-10-25 14:15:00,TRUE,432.485457279047,309.3,256.356601616574,10.0494441986084,42.2844429016113,0
2010-10-25 14:30:00,TRUE,397.787550123715,284.7,256.277556152344,10.3000001907349,43.7561111450195,0
2010-10-25 14:45:00,TRUE,360.421112581633,255.8,256.583838745608,9.90555572509766,45.554443359375,0
2010-10-25 15:00:00,TRUE,320.546179375778,225.9,256.250414963177,9.95865917205811,46.8932952880859,0
2010-10-25 15:15:00,TRUE,278.333528613404,201,257.582799434983,9.95833301544189,47.9983329772949,0
2010-10-25 15:30:00,TRUE,233.963950366537,171.1,258.260074772544,10.1904497146606,47.5264053344727,0
2010-10-25 15:45:00,TRUE,187.627472373513,80.6,253.617699153409,10.097222328186,46.5822219848633,0
2010-10-25 16:00:00,TRUE,139.52254617761,28.96,251.73245034262,10.0592174530029,46.1865921020508,0
2010-10-25 16:15:00,TRUE,89.8551971889378,57.45,251.074083078139,9.86388874053955,47.689998626709,0
2010-10-25 16:30:00,TRUE,38.8381423092341,16.57,250.848168229702,9.64388847351074,48.7216682434082,0
2010-10-25 16:45:00,FALSE,0,10.8,250.724428464844,9.54833316802979,49.1916656494141,0
2010-10-25 17:00:00,FALSE,0,0,250.492890370024,9.338547706604,50.9854736328125,0
2010-10-25 17:15:00,FALSE,0,0,249.766228917656,9.10499954223633,50.9633331298828,0
2010-10-25 17:30:00,FALSE,0,0,248.951158743916,9.06707286834717,51.1817054748535,0
2010-10-25 17:45:00,FALSE,0,0,249.044433744773,9.02722263336182,50.9866676330566,0
2010-10-25 18:00:00,FALSE,0,0,248.538248293044,8.80391025543213,51.4262580871582,0
2010-10-25 18:15:00,FALSE,0,0,247.932602005595,8.69999980926514,51.3950004577637,0
2010-10-25 18:30:00,FALSE,0,0,249.427494499429,8.68222236633301,51.7305564880371,0
2010-10-25 18:45:00,FALSE,0,0,252.927494499429,8.71444416046143,51.6766662597656,0
2010-10-25 19:00:00,FALSE,0,0,253.722925391685,8.44525146484375,53.0793304443359,0
2010-10-25 19:15:00,FALSE,0,0,250.212444632417,8.18388843536377,54.489444732666,0
2010-10-25 19:30:00,FALSE,0,0,247.810025292472,7.92388868331909,56.2694435119629,0
2010-10-25 19:45:00,FALSE,0,0,246.305984661544,7.7538890838623,58.6411094665527,0
2010-10-25 20:00:00,FALSE,0,0,245.805968246267,7.34078216552734,60.2927360534668,0
2010-10-25 20:15:00,FALSE,0,0,245.90809014031,7.36722230911255,60.9994430541992,0
2010-10-25 20:30:00,FALSE,0,0,244.415275639259,6.59333324432373,64.2555541992188,0
2010-10-25 20:45:00,FALSE,0,0,244.227255185544,6.15388870239258,66.9533309936523,0
2010-10-25 21:00:00,FALSE,0,0,244.237899834942,6.04748582839966,67.8877105712891,0
2010-10-25 21:15:00,FALSE,0,0,243.650667563585,5.93388891220093,68.35888671875,0
2010-10-25 21:30:00,FALSE,0,0,243.2578466327,5.85722208023071,68.870002746582,0
2010-10-25 21:45:00,FALSE,0,0,241.4578466327,5.8938889503479,67.5405578613281,0
2010-10-25 22:00:00,FALSE,0,0,239.673793281861,5.53854751586914,68.3256988525391,0
2010-10-25 22:15:00,FALSE,0,0,239.882560102853,5.41555547714233,67.8361129760742,0
2010-10-25 22:30:00,FALSE,0,0,240.382560102853,5.49111127853394,66.0844421386719,0
2010-10-25 22:45:00,FALSE,0,0,239.282560102853,5.23277759552002,66.1983337402344,0
2010-10-25 23:00:00,FALSE,0,0,239.201678841044,5.35363149642944,66.9882659912109,0
2010-10-25 23:15:00,FALSE,0,0,239.112030000005,5.20555543899536,65.341667175293,0
2010-10-25 23:30:00,FALSE,0,0,240.412030000005,5.2461109161377,65.0694427490234,0
2010-10-25 23:45:00,FALSE,0,0,241.822908513612,4.94000005722046,66.5977783203125,0
2010-10-26 00:00:00,FALSE,0,0,244.8587043952,4.62122917175293,69.2363128662109,0
2010-11-10 00:15:00,FALSE,0,0,231.047203901126,4.63388872146606,78.586669921875,0
2010-11-10 00:30:00,FALSE,0,0,229.347203901126,4.63055562973022,78.8977813720703,0
2010-11-10 00:45:00,FALSE,0,0,227.803857526386,4.5722222328186,79.9322204589844,0
2010-11-10 01:00:00,FALSE,0,0,227.203857526386,4.58944463729858,79.6727752685547,0
2010-11-10 01:15:00,FALSE,0,0,227.403857526386,4.56333351135254,79.3638916015625,0
2010-11-10 01:30:00,FALSE,0,0,226.632955793631,4.49833345413208,79.8422241210938,0
2010-11-10 01:45:00,FALSE,0,0,228.962567865219,4.45166683197021,80.1877746582031,0
2010-11-10 02:00:00,FALSE,0,0,228.962567865219,4.33184337615967,80.3039093017578,0
2010-11-10 02:15:00,FALSE,0,0,224.723331926044,4.2161111831665,80.325553894043,0
2010-11-10 02:30:00,FALSE,0,0,225.054483167928,4.12777757644653,80.1405563354492,0
2010-11-10 02:45:00,FALSE,0,0,235.654483167928,4.04222202301025,80.2644424438477,0
2010-11-10 03:00:00,FALSE,0,0,235.454483167928,4.00670385360718,80.9837951660156,0
2010-11-10 03:15:00,FALSE,0,0,234.286146719454,4.003333568573,81.1800003051758,0
2010-11-10 03:30:00,FALSE,0,0,252.726146719454,3.90777778625488,81.3894424438477,0
2010-11-10 03:45:00,FALSE,0,0,264.021009258221,3.82999992370605,81.5149993896484,0
2010-11-10 04:00:00,FALSE,0,0,263.484483167928,3.8541898727417,81.2977676391602,0
2010-11-10 04:15:00,FALSE,0,0,236.251009258221,3.7861111164093,81.6022186279297,0
2010-11-10 04:30:00,FALSE,0,0,262.608322207284,3.72944450378418,81.4433364868164,0
2010-11-10 04:45:00,FALSE,0,0,223.8842074992,3.78222227096558,81.6777801513672,0
2010-11-10 05:00:00,FALSE,0,0,222.717916557294,3.70614528656006,81.3083801269531,0
2010-11-10 05:15:00,FALSE,0,0,222.617916557294,3.60666656494141,80.8883361816406,0
2010-11-10 05:30:00,FALSE,0,0,222.852136059713,3.5533332824707,80.5849990844727,0
2010-11-10 05:45:00,FALSE,0,0,222.486865633801,3.42111110687256,80.7838897705078,0
2010-11-10 06:00:00,FALSE,0,0,221.786865633801,3.38938546180725,80.3793258666992,0
2010-11-10 06:15:00,FALSE,0,0,220.957853507044,3.28500008583069,80.1949996948242,0
2010-11-10 06:30:00,FALSE,0,0,220.394111061569,3.13833332061768,79.1144409179688,0
2010-11-10 06:45:00,FALSE,0,0,220.194111061569,3.02777767181396,78.1949996948242,0
2010-11-10 07:00:00,FALSE,0,0,219.830877198504,2.8865921497345,77.5944137573242,0
2010-11-10 07:15:00,FALSE,0,0.829,220.130877198504,2.76388883590698,77.3127746582031,0
2010-11-10 07:30:00,TRUE,46.8288355067888,9.62,223.130877198504,2.70722222328186,76.9233322143555,0
2010-11-10 07:45:00,TRUE,93.6100123760671,28.18,223.486865633801,2.75666666030884,76.0783309936523,0
2010-11-10 08:00:00,TRUE,138.636704869027,48.93,224.786146719454,2.83687162399292,74.2798919677734,0
2010-11-10 08:15:00,TRUE,181.71612807898,74.08,219.3752734375,2.9449999332428,72.5100021362305,0
2010-11-10 08:30:00,TRUE,222.663834587913,97.8,217.347203901126,2.70277786254883,72.1722259521484,0
2010-11-10 08:45:00,TRUE,261.304504186716,126.1,217.540078768544,2.89888882637024,70.6344451904297,0
2010-11-10 09:00:00,TRUE,297.472694515951,155.2,218.0177947392,2.93743014335632,68.4983215332031,0
2010-11-10 09:15:00,TRUE,331.013549413155,185.3,220.5121463047,3.39611101150513,65.2761077880859,0
2010-11-10 09:30:00,TRUE,361.783461933778,183.6,245.39923284073,3.71944451332092,62.5072212219238,0
2010-11-10 09:45:00,TRUE,389.650689207241,123.2,256.390640937581,3.59777784347534,60.9249992370605,0
2010-11-10 10:00:00,TRUE,414.495916495416,153.4,258.061216443681,3.2407820224762,61.022346496582,0
2010-11-10 10:15:00,TRUE,436.212768038657,235.6,282.768468254544,3.43277788162231,60.7494430541992,0
2010-11-10 10:30:00,TRUE,454.708262502173,180,289.808468254544,3.46944451332092,60.9811096191406,0
2010-11-10 10:45:00,TRUE,469.903211072743,186,274.269294693599,3.61444449424744,60.8916664123535,0
2010-11-10 11:00:00,TRUE,481.732556501462,232.9,251.494446600027,3.80670380592346,60.6296081542969,0
2010-11-10 11:15:00,TRUE,490.145651640817,249.3,229.677269336491,4.06722211837769,59.7472229003906,0
2010-11-10 11:30:00,TRUE,495.106476283676,386.6,228.482560102853,4.83777761459351,56.0922241210938,0
2010-11-10 11:45:00,TRUE,496.593791375831,263.2,226.512030000005,5.08666658401489,55.1694450378418,0
2010-11-10 12:00:00,TRUE,494.601229941868,363.1,222.737899834942,5.59050273895264,53.7486038208008,0
2010-11-10 12:15:00,TRUE,489.137324335152,358.7,223.505968246267,6.3027777671814,49.950553894043,0
2010-11-10 12:30:00,TRUE,480.22546969533,359.9,223.509952,6.35333347320557,49.8777770996094,0
2010-11-10 12:45:00,TRUE,467.90382376985,343.6,222.322729965996,6.20833349227905,51.5488891601562,0
2010-11-10 13:00:00,TRUE,452.225143528549,336,222.032311935284,6.22011184692383,52.43798828125,0
2010-11-10 13:15:00,TRUE,433.256559270852,322.9,221.722729965996,6.40388870239258,52.3794441223145,0
2010-11-10 13:30:00,TRUE,411.079287192884,305.3,222.032311935284,6.4472222328186,53.25,0
2010-11-10 13:45:00,TRUE,385.788281645189,284.5,223.609952,7.02333354949951,50.4361114501953,0
2010-11-10 14:00:00,TRUE,357.491828570093,265.7,223.022729965996,6.94748592376709,49.1072616577148,0
2010-11-10 14:15:00,TRUE,326.311081859249,241.7,224.222729965996,6.8222222328186,48.7238883972168,0
2010-11-10 14:30:00,TRUE,292.379544616976,213.5,225.018736657051,6.92333316802979,48.0988883972168,0
2010-11-10 14:45:00,TRUE,255.842497549926,186.7,225.122729965996,6.85388898849487,48.0472221374512,0
2010-11-10 15:00:00,TRUE,216.856376931048,156.1,225.032311935284,6.87821245193481,48.0324020385742,0
2010-11-10 15:15:00,TRUE,175.588104800727,124.6,226.737899834942,6.89555549621582,48.7477760314941,0
2010-11-10 15:30:00,TRUE,132.214374273247,65.24,226.082560102853,6.76611089706421,50.0155563354492,0
2010-11-10 15:45:00,TRUE,86.9208930085573,23.23,226.2587043952,6.42111110687256,51.4105567932129,0
2010-11-10 16:00:00,TRUE,39.9015880882965,26.55,226.29923284073,6.39329624176025,51.2463684082031,0
2010-11-10 16:15:00,FALSE,0,6.752,226.260614891239,6.17277765274048,52.3722229003906,0
2010-11-10 16:30:00,FALSE,0,0.002,226.694446600027,6.00444459915161,53.7616653442383,0
2010-11-10 16:45:00,FALSE,0,0,226.894446600027,5.97499990463257,54.0733337402344,0
2010-11-10 17:00:00,FALSE,0,0,226.694446600027,5.84413385391235,54.0592193603516,0
2010-11-10 17:15:00,FALSE,0,0,226.594446600027,5.87666654586792,53.7999992370605,0
2010-11-10 17:30:00,FALSE,0,0,226.994446600027,5.77444458007812,54.3294448852539,0
2010-11-10 17:45:00,FALSE,0,0,226.4121463047,5.69611120223999,54.5577774047852,0
2010-11-10 18:00:00,FALSE,0,0,226.3121463047,5.54581022262573,54.7513961791992,0
2010-11-10 18:15:00,FALSE,0,0,226.0303680735,5.5527777671814,54.6422233581543,0
2010-11-10 18:30:00,FALSE,0,0,224.849111529554,5.34166669845581,54.7150001525879,0
2010-11-10 18:45:00,FALSE,0,0,224.668376296124,5.34555578231812,55.1311111450195,0
2010-11-10 19:00:00,FALSE,0,0,224.308468254544,5.02178764343262,56.3843574523926,0
2010-11-10 19:15:00,FALSE,0,0,224.329294693599,4.94777774810791,56.2400016784668,0
2010-11-10 19:30:00,FALSE,0,0,224.250640937581,4.86686754226685,57.0397605895996,0
2010-11-10 19:45:00,FALSE,0,0,224.072506610433,4.74555540084839,58.9383316040039,0
2010-11-10 20:00:00,FALSE,0,0,224.841216443681,4.10614538192749,61.5932960510254,0
2010-11-10 20:15:00,FALSE,0,0,224.565156074164,3.89777779579163,62.2388877868652,0
2010-11-10 20:30:00,FALSE,0,0,222.914587611768,3.78333330154419,62.8872222900391,0
2010-11-10 20:45:00,FALSE,0,0,222.540078768544,3.65111112594604,63.0627784729004,0
2010-11-10 21:00:00,FALSE,0,0,221.719649291551,3.19162011146545,65.6117324829102,0
2010-11-10 21:15:00,FALSE,0,0,221.919649291551,3.13777780532837,65.1883316040039,0
2010-11-10 21:30:00,FALSE,0,0,221.519649291551,3.08222222328186,63.1127777099609,0
2010-11-10 21:45:00,FALSE,0,0,221.719649291551,2.93444442749023,62.7416648864746,0
2010-11-10 22:00:00,FALSE,0,0,222.119649291551,3.09497213363647,61.6273727416992,0
2010-11-10 22:15:00,FALSE,0,0,221.747203901126,3.06111121177673,61.1472206115723,0
2010-11-10 22:30:00,FALSE,0,0,221.7752734375,2.92111110687256,61.8516654968262,0
2010-11-10 22:45:00,FALSE,0,0,221.232955793631,2.72388887405396,62.6944427490234,0
2010-11-10 23:00:00,FALSE,0,0,221.392693367272,2.29497218132019,63.1469268798828,0
2010-11-10 23:15:00,FALSE,0,0,221.354483167928,2.06833338737488,62.9249992370605,0
2010-11-10 23:30:00,FALSE,0,0,221.986146719454,2.18055558204651,62.7144432067871,0
2010-11-10 23:45:00,FALSE,0,0,222.754483167928,2.31666660308838,61.9150009155273,0
2010-11-11 00:00:00,FALSE,0,0,223.923331926044,2.33631277084351,62.0122909545898,0
2010-11-16 00:15:00,FALSE,0,0,241.408468254544,4.85555553436279,86.9177780151367,0
2010-11-16 00:30:00,FALSE,0,0,240.408468254544,4.81277799606323,86.8511123657227,0
2010-11-16 00:45:00,FALSE,0,0,240.629294693599,4.69166660308838,87.4755554199219,0
2010-11-16 01:00:00,FALSE,0,0,240.708468254544,4.86815643310547,86.9189910888672,0
2010-11-16 01:15:00,FALSE,0,0,241.008468254544,4.79944467544556,86.4483337402344,0
2010-11-16 01:30:00,FALSE,0,0,239.929294693599,4.81944465637207,85.0405578613281,0
2010-11-16 01:45:00,FALSE,0,0,240.772506610433,4.58277797698975,85.1361083984375,0
2010-11-16 02:00:00,FALSE,0,0,241.794891336235,4.61731863021851,85.2508392333984,0
2010-11-16 02:15:00,FALSE,0,0,242.265156074164,4.2538890838623,86.0033340454102,0
2010-11-16 02:30:00,FALSE,0,0,242.489613255274,4.06333351135254,86.5449981689453,0
2010-11-16 02:45:00,FALSE,0,0,242.989613255274,4.08777761459351,86.8755569458008,0
2010-11-16 03:00:00,FALSE,0,0,242.614587611768,4.06983232498169,87.175422668457,0
2010-11-16 03:15:00,FALSE,0,0,242.140078768544,3.86388897895813,87.3088912963867,0
2010-11-16 03:30:00,FALSE,0,0,242.040078768544,3.88944435119629,87.629997253418,0
2010-11-16 03:45:00,FALSE,0,0,242.965156074164,4.2122220993042,86.7122192382812,0
2010-11-16 04:00:00,FALSE,0,0,242.140078768544,3.8581006526947,85.6893844604492,0
2010-11-16 04:15:00,FALSE,0,0,243.714587611768,4.11944437026978,85.9355545043945,0
2010-11-16 04:30:00,FALSE,0,0,243.465156074164,4.00611114501953,84.5338897705078,0
2010-11-16 04:45:00,FALSE,0,0,243.3177947392,4.24499988555908,82.85888671875,0
2010-11-16 05:00:00,FALSE,0,0,243.994891336235,4.17821216583252,82.0653610229492,0
2010-11-16 05:15:00,FALSE,0,0,243.841216443681,3.87777781486511,82.3788909912109,0
2010-11-16 05:30:00,FALSE,0,0,243.865156074164,3.85666656494141,83.4705581665039,0
2010-11-16 05:45:00,FALSE,0,0,243.565156074164,4.05000019073486,83.1777801513672,0
2010-11-16 06:00:00,FALSE,0,0,243.414587611768,3.76033520698547,83.5530700683594,0
2010-11-16 06:15:00,FALSE,0,0,242.666086350631,3.69055557250977,84.2772216796875,0
2010-11-16 06:30:00,FALSE,0,0,242.692609983199,3.31611108779907,85.232780456543,0
2010-11-16 06:45:00,FALSE,0,0,242.5752734375,2.85666656494141,86.3494415283203,0
2010-11-16 07:00:00,FALSE,0,0,243.303857526386,2.98156428337097,87.2234649658203,0
2010-11-16 07:15:00,FALSE,0,0,243.792609983199,3.57277774810791,86.8355560302734,0
2010-11-16 07:30:00,TRUE,12.7483752457553,3.192,243.965156074164,3.93666672706604,85.7350006103516,0
2010-11-16 07:45:00,TRUE,59.1982943537087,12.42,242.950640937581,4.03833341598511,84.1766662597656,0
2010-11-16 08:00:00,TRUE,103.920460392777,26.48,241.129294693599,3.41843581199646,83.7804489135742,0
2010-11-16 08:15:00,TRUE,146.723414826202,49.43,241.2303680735,3.32444453239441,84.8166656494141,0
2010-11-16 08:30:00,TRUE,187.423915506224,70.54,242.322908513612,3.89000010490417,83.5794448852539,0
2010-11-16 08:45:00,TRUE,225.847721141732,91.3,242.644018504376,4.02944421768188,80.6905517578125,0
2010-11-16 09:00:00,TRUE,261.83033723193,117.1,241.673793281861,3.26480436325073,82.1413421630859,0
2010-11-16 09:15:00,TRUE,295.217720272526,144.6,243.90809014031,4.33222198486328,82.3594436645508,0
2010-11-16 09:30:00,TRUE,325.866937219893,164.4,244.822925391685,4.71284914016724,78.3055877685547,0
2010-11-16 09:45:00,TRUE,353.64677738989,161.8,255.732311935284,3.77888894081116,81.7311096191406,0
2010-11-16 10:00:00,TRUE,378.438314171808,187.5,245.722729965996,3.85195541381836,84.0960922241211,0
2010-11-16 10:15:00,TRUE,400.13541415293,231.8,245.712444632417,4.14166688919067,82.9233322143555,0
2010-11-16 10:30:00,TRUE,418.645191474029,247.4,246.838248293044,4.41111087799072,81.9966659545898,0
2010-11-16 10:45:00,TRUE,433.888405470661,263.7,248.102860707067,4.92388868331909,81.0688858032227,0
2010-11-16 11:00:00,TRUE,445.799799898258,271.5,248.260853576108,5.24916219711304,77.6759796142578,0
2010-11-16 11:15:00,TRUE,454.328382288527,288.4,250.460853576108,5.15166664123535,80.8088912963867,0
2010-11-16 11:30:00,TRUE,459.437642241497,293.2,253.63808634124,6.36722230911255,76.8483352661133,0
2010-11-16 11:45:00,TRUE,461.105707718676,298.5,253.91664824033,6.27166652679443,76.4516677856445,0
2010-11-16 12:00:00,TRUE,459.325438668288,305,255.175421482049,6.42067050933838,77.2044677734375,0
2010-11-16 12:15:00,TRUE,454.104457581856,299.3,259.38261392132,7.04444456100464,76.5055541992188,0
2010-11-16 12:30:00,TRUE,445.465116851381,280.2,260.029435574495,7.86999988555908,72.9383316040039,0
2010-11-16 12:45:00,TRUE,433.444403066938,293.2,260.150414963177,8.50166702270508,69.0894470214844,0
2010-11-16 13:00:00,TRUE,418.093778664464,281.1,257.626210813175,8.95977687835693,67.1391067504883,0
2010-11-16 13:15:00,TRUE,399.478961601731,260.4,257.938877205582,9.41499996185303,65.4800033569336,0
2010-11-16 13:30:00,TRUE,377.679644005764,243.8,258.777556152344,9.51666641235352,64.5100021362305,0
2010-11-16 13:45:00,TRUE,352.789150996307,224.4,259.963204926955,9.42722225189209,65.1216659545898,0
2010-11-16 14:00:00,TRUE,324.914041145924,203.8,260.053904682912,9.42458057403564,64.105583190918,0
2010-11-16 14:15:00,TRUE,294.173650287427,182.4,261.349644873537,9.03722190856934,66.2594451904297,0
2010-11-16 14:30:00,TRUE,260.699580621372,133,261.587050880143,9.29500007629395,65.5105590820312,0
2010-11-16 14:45:00,TRUE,224.635137311134,76.92,291.295760082868,8.96111106872559,67.2361145019531,0
2010-11-16 15:00:00,TRUE,186.13471497754,147.1,294.695421482049,8.26927375793457,71.3296127319336,0
2010-11-16 15:15:00,TRUE,145.363136719339,67.1,269.23245034262,8.47277736663818,72.0072250366211,0
2010-11-16 15:30:00,TRUE,102.494948489525,35.79,260.683461882051,8.31666660308838,73.4461135864258,0
2010-11-16 15:45:00,TRUE,57.7136718483246,14.72,266.822925391685,8.10999965667725,75.5138854980469,0
2010-11-16 16:00:00,TRUE,11.2110182915804,5.7,273.650025292472,8.18044662475586,76.5134048461914,0
2010-11-16 16:15:00,FALSE,0,0.35,296.637494499429,8.72111129760742,74.2438888549805,0
2010-11-16 16:30:00,FALSE,0,0,291.0354008407,8.20666694641113,76.2533340454102,0
2010-11-16 16:45:00,FALSE,0,0,307.2754008407,8.23111152648926,76.462776184082,0
2010-11-16 17:00:00,FALSE,0,0,314.648894299639,8.18882656097412,76.6268157958984,0
2010-11-16 17:15:00,FALSE,0,0,319.9854008407,8.00611114501953,76.6238861083984,0
2010-11-16 17:30:00,FALSE,0,0,293.240025292472,7.93222236633301,76.2649993896484,0
2010-11-16 17:45:00,FALSE,0,0,304.068142438686,7.76999998092651,75.7061080932617,0
2010-11-16 18:00:00,FALSE,0,0,326.388142438686,7.66648054122925,76.2385482788086,0
2010-11-16 18:15:00,FALSE,0,0,329.406795689012,7.62444448471069,76.8605575561523,0
2010-11-16 18:30:00,FALSE,0,0,295.505968246267,7.43333339691162,77.2222213745117,0
2010-11-16 18:45:00,FALSE,0,0,295.969952,7.22611093521118,76.9727783203125,0
2010-11-16 19:00:00,FALSE,0,0,277.482347293302,7.09050273895264,76.9586563110352,0
2010-11-16 19:15:00,FALSE,0,0,275.488736657051,7.00888872146606,77.0261077880859,0
2010-11-16 19:30:00,FALSE,0,0,299.605275639259,6.99888896942139,76.7799987792969,0
2010-11-16 19:45:00,FALSE,0,0,301.022347293302,6.98666667938232,76.0455551147461,0
2010-11-16 20:00:00,FALSE,0,0,275.422347293302,6.98882675170898,75.758659362793,0
2010-11-16 20:15:00,FALSE,0,0,261.118736657051,6.93444442749023,76.504997253418,0
2010-11-16 20:30:00,FALSE,0,0,265.227255185544,6.79876565933228,77.4919738769531,0
2010-11-16 20:45:00,FALSE,0,0,261.737899834942,6.66888904571533,77.924446105957,0
2010-11-16 21:00:00,FALSE,0,0,257.650667563585,6.49944114685059,78.4223480224609,0
2010-11-16 21:15:00,FALSE,0,0,254.8578466327,6.5155553817749,78.946662902832,0
2010-11-16 21:30:00,FALSE,0,0,252.444018504376,6.73999977111816,78.6016693115234,0
2010-11-16 21:45:00,FALSE,0,0,252.637899834942,6.76055574417114,78.6572189331055,0
2010-11-16 22:00:00,FALSE,0,0,254.237899834942,6.64804458618164,78.1446914672852,0
2010-11-16 22:15:00,FALSE,0,0,254.637899834942,6.60111093521118,77.3061141967773,0
2010-11-16 22:30:00,FALSE,0,0,252.937899834942,6.58944463729858,77.0811080932617,0
2010-11-16 22:45:00,FALSE,0,0,252.650667563585,6.51000022888184,78.4538879394531,0
2010-11-16 23:00:00,FALSE,0,0,256.2578466327,6.42737436294556,80.0128479003906,0
2010-11-16 23:15:00,FALSE,0,0,258.66555533199,6.39111089706421,81.5,0
2010-11-16 23:30:00,FALSE,0,0,255.173793281861,6.38833332061768,83.3744430541992,0
2010-11-16 23:45:00,FALSE,0,0,251.982560102853,6.38166666030884,85.4883346557617,0
2010-11-17 00:00:00,FALSE,0,0,252.491855415643,6.30558681488037,87.0999984741211,0
2010-11-26 00:15:00,FALSE,0,0,220.3442233847,-0.0555555559694767,77.5194473266602,0
2010-11-26 00:30:00,FALSE,0,0,220.122323604972,-0.268888890743256,77.9394454956055,0
2010-11-26 00:45:00,FALSE,0,0,219.322323604972,-0.299444437026978,77.6211090087891,0
2010-11-26 01:00:00,FALSE,0,0,218.522323604972,-0.354748606681824,77.1027908325195,0
2010-11-26 01:15:00,FALSE,0,0,217.462133429658,-0.451666653156281,76.9438858032227,0
2010-11-26 01:30:00,FALSE,0,0,218.40244923579,-0.581666648387909,77.5033340454102,0
2010-11-26 01:45:00,FALSE,0,0,221.00244923579,-0.550000011920929,77.1361083984375,0
2010-11-26 02:00:00,FALSE,0,0,236.193270652344,-0.71508377790451,77.4944152832031,0
2010-11-26 02:15:00,FALSE,0,0,249.113270652344,-0.727777779102325,78.049446105957,0
2010-11-26 02:30:00,FALSE,0,0,241.25244923579,-0.747222244739532,77.6133346557617,0
2010-11-26 02:45:00,FALSE,0,0,242.273270652344,-0.810555577278137,77.7411117553711,0
2010-11-26 03:00:00,FALSE,0,0,219.726428833311,-0.81005585193634,77.5346374511719,0
2010-11-26 03:15:00,FALSE,0,0,217.011605007103,-0.896666646003723,77.89111328125,0
2010-11-26 03:30:00,FALSE,0,0,218.7549489152,-0.913888871669769,78.0622253417969,0
2010-11-26 03:45:00,FALSE,0,0,220.9549489152,-0.989444434642792,78.3866653442383,0
2010-11-26 04:00:00,FALSE,0,0,222.0549489152,-0.930167615413666,78.2156448364258,0
2010-11-26 04:15:00,FALSE,0,0,221.7549489152,-0.981666684150696,78.1605529785156,0
2010-11-26 04:30:00,FALSE,0,0,222.2549489152,-0.845555543899536,77.8638916015625,0
2010-11-26 04:45:00,FALSE,0,0,223.5549489152,-0.96444445848465,77.6016693115234,0
2010-11-26 05:00:00,FALSE,0,0,223.3549489152,-1.03128492832184,77.8418960571289,0
2010-11-26 05:15:00,FALSE,0,0,222.298796210444,-1.04888892173767,77.8361129760742,0
2010-11-26 05:30:00,FALSE,0,0,223.098796210444,-1.14555549621582,78.0299987792969,0
2010-11-26 05:45:00,FALSE,0,0,223.2549489152,-1.1066666841507,78.0555572509766,0
2010-11-26 06:00:00,FALSE,0,0,220.898796210444,-1.15865921974182,78.229606628418,0
2010-11-26 06:15:00,FALSE,0,0,219.698796210444,-1.18222224712372,78.1516647338867,0
2010-11-26 06:30:00,FALSE,0,0,217.843146522766,-1.23666667938232,78.2466659545898,0
2010-11-26 06:45:00,FALSE,0,0,217.187999482232,-1.19222223758698,78.2666702270508,0
2010-11-26 07:00:00,FALSE,0,0,216.887999482232,-1.13016760349274,77.6642456054688,0
2010-11-26 07:15:00,FALSE,0,0,216.687999482232,-1.21611106395721,77.7722244262695,0
2010-11-26 07:30:00,FALSE,0,0,217.287999482232,-1.21888887882233,77.9427795410156,0
2010-11-26 07:45:00,TRUE,7.65523187850918,4.567,217.743146522766,-1.16055560112,77.4072189331055,0
2010-11-26 08:00:00,TRUE,52.0548716893251,13.16,216.843146522766,-1.34636867046356,77.8156433105469,0
2010-11-26 08:15:00,TRUE,94.5928165420958,21.87,216.4549489152,-1.19277775287628,77.6094436645508,0
2010-11-26 08:30:00,TRUE,135.086992403658,48.85,216.243270652344,-1.34444439411163,77.9688873291016,0
2010-11-26 08:45:00,TRUE,173.364073234231,70.83,216.857853507044,-1.05944442749023,77.1777801513672,0
2010-11-26 09:00:00,TRUE,209.260222866392,92.8,215.751009258221,-1.06983244419098,76.5586624145508,0
2010-11-26 09:15:00,TRUE,242.621796264454,108.6,217.223331926044,-1.11222219467163,76.9672241210938,0
2010-11-26 09:30:00,TRUE,273.30599716204,122.5,216.162567865219,-0.937222242355347,75.7738876342773,0
2010-11-26 09:45:00,TRUE,301.181489263514,144.7,216.192609983199,-0.832777798175812,75.7538909912109,0
2010-11-26 10:00:00,TRUE,326.128958393036,176.1,216.214587611768,-0.866480469703674,75.1720657348633,0
2010-11-26 10:15:00,TRUE,348.041623185086,192,216.5177947392,-0.714999973773956,74.7977752685547,0
2010-11-26 10:30:00,TRUE,366.825692130653,211.4,217.594891336235,-0.628333330154419,74.7538909912109,0
2010-11-26 10:45:00,TRUE,382.400765022947,233.8,219.4303680735,-0.252222210168839,73.674446105957,0
2010-11-26 11:00:00,TRUE,394.700177084171,197.3,220.528875964844,-0.010614525526762,72.0100555419922,0
2010-11-26 11:15:00,TRUE,403.671284300715,174.2,219.894891336235,-0.0133333336561918,72.3883361816406,0
2010-11-26 11:30:00,TRUE,409.275688745294,254.6,220.6303680735,0.0450000017881393,71.9727783203125,0
2010-11-26 11:45:00,TRUE,411.489402921795,265.1,220.760614891239,0.174999997019768,71.3433303833008,0
2010-11-26 12:00:00,TRUE,410.302952429368,270.4,222.2587043952,0.545251369476318,70.1039123535156,0
2010-11-26 12:15:00,TRUE,405.721416506431,269.6,222.934314003086,0.648333311080933,69.3172225952148,0
2010-11-26 12:30:00,TRUE,397.764406281102,271.7,228.144018504376,1.1396449804306,67.6822509765625,0
2010-11-26 12:45:00,TRUE,386.465980821189,300.3,239.322729965996,1.34111106395721,66.3349990844727,0
2010-11-26 13:00:00,TRUE,371.874501343189,282.8,245.212347293302,1.45642459392548,64.6787719726562,0
2010-11-26 13:15:00,TRUE,354.052424204314,266.7,237.222729965996,1.37318432331085,65.0715103149414,0
2010-11-26 13:30:00,TRUE,333.076033563647,231.9,227.715275639259,1.46222221851349,63.7099990844727,0
2010-11-26 13:45:00,TRUE,309.035114856886,205.3,225.6578466327,1.26611113548279,63.8294448852539,0
2010-11-26 14:00:00,TRUE,282.03257048221,153.1,225.834314003086,1.26871514320374,63.8603363037109,0
2010-11-26 14:15:00,TRUE,252.183979342328,161.9,228.812030000005,1.36444449424744,63.0611114501953,0
2010-11-26 14:30:00,TRUE,219.617102128101,148.1,232.591855415643,1.62833333015442,61.9022216796875,0
2010-11-26 14:45:00,TRUE,184.471334461316,115.1,228.571688540963,1.33500003814697,62.397777557373,0
2010-11-26 15:00:00,TRUE,146.897110237123,94.4,227.74448364155,1.46145248413086,63.0737419128418,0
2010-11-26 15:15:00,TRUE,107.055257720459,68.3,225.7121463047,1.36833333969116,63.6755561828613,0
2010-11-26 15:30:00,TRUE,65.1163111521709,47.12,226.450640937581,1.13944447040558,64.5511093139648,0
2010-11-26 15:45:00,TRUE,21.2597808116735,21.92,225.289613255274,1.10888886451721,65.4633331298828,0
2010-11-26 16:00:00,FALSE,0,4.431,225.547203901126,0.915642440319061,65.9642486572266,0
2010-11-26 16:15:00,FALSE,0,0,226.003857526386,0.925555527210236,65.9661102294922,0
2010-11-26 16:30:00,FALSE,0,0,226.232955793631,0.719444453716278,66.200553894043,0
2010-11-26 16:45:00,FALSE,0,0,226.662567865219,0.696666657924652,66.7216644287109,0
2010-11-26 17:00:00,FALSE,0,0,224.523331926044,0.588826835155487,67.4865951538086,0
2010-11-26 17:15:00,FALSE,0,0,222.254483167928,0.590555548667908,67.98388671875,0
2010-11-26 17:30:00,FALSE,0,0,222.186146719454,0.698888897895813,68.1438903808594,0
2010-11-26 17:45:00,FALSE,0,0,221.786146719454,0.670555531978607,68.3116683959961,0
2010-11-26 18:00:00,FALSE,0,0,221.618322207284,0.629050254821777,68.6670379638672,0
2010-11-26 18:15:00,FALSE,0,0,222.218322207284,0.727777779102325,68.7216644287109,0
2010-11-26 18:30:00,FALSE,0,0,222.118322207284,0.631666660308838,69.3394470214844,0
2010-11-26 18:45:00,FALSE,0,0,222.118322207284,0.643888890743256,70.1800003051758,0
2010-11-26 19:00:00,FALSE,0,0,221.151009258221,0.707262575626373,70.4592208862305,0
2010-11-26 19:15:00,FALSE,0,0,220.6842074992,0.70722222328186,70.8705520629883,0
2010-11-26 19:30:00,FALSE,0,0,220.217916557294,0.633888900279999,71.1949996948242,0
2010-11-26 19:45:00,FALSE,0,0,220.317916557294,0.622222244739532,71.8649978637695,0
2010-11-26 20:00:00,FALSE,0,0,220.817916557294,0.726815640926361,71.6156387329102,0
2010-11-26 20:15:00,FALSE,0,0,222.186865633801,0.587222218513489,72.1205520629883,0
2010-11-26 20:30:00,FALSE,0,0,223.186865633801,0.630864202976227,72.4438247680664,0
2010-11-26 20:45:00,FALSE,0,0,224.586865633801,0.718888878822327,71.8266677856445,0
2010-11-26 21:00:00,FALSE,0,0,223.486865633801,0.584357559680939,72.0463714599609,0
2010-11-26 21:15:00,FALSE,0,0,223.622104907039,0.553333342075348,72.1427764892578,0
2010-11-26 21:30:00,FALSE,0,0,227.122104907039,0.429444432258606,72.2050018310547,0
2010-11-26 21:45:00,FALSE,0,0,226.657853507044,0.314444452524185,72.3477783203125,0
2010-11-26 22:00:00,FALSE,0,0,232.257853507044,0.210055872797966,72.431282043457,0
2010-11-26 22:15:00,FALSE,0,0,232.557853507044,0.262222230434418,72.0238876342773,0
2010-11-26 22:30:00,FALSE,0,0,224.757853507044,0.290697664022446,71.8273239135742,0
2010-11-26 22:45:00,FALSE,0,0,221.457853507044,0.474444448947906,70.5733337402344,0
2010-11-26 23:00:00,FALSE,0,0,221.657853507044,0.263128489255905,70.9502792358398,0
2010-11-26 23:15:00,FALSE,0,0,223.030877198504,0.173888891935349,71.3355560302734,0
2010-11-26 23:30:00,FALSE,0,0,232.068151545874,0.135555550456047,71.9883346557617,0
2010-11-26 23:45:00,FALSE,0,0,247.984111061569,0.353333324193954,71.0288925170898,0
2010-11-27 00:00:00,FALSE,0,0,251.524111061569,0.143016755580902,71.3458099365234,0
2010-11-28 00:15:00,FALSE,0,0,210.220860393179,-2.63944435119629,77.4049987792969,0
2010-11-28 00:30:00,FALSE,0,0,209.273705507042,-2.94222211837769,78.5344467163086,0
2010-11-28 00:45:00,FALSE,0,0,208.927047,-3.03055548667908,79.4677810668945,0
2010-11-28 01:00:00,FALSE,0,0,209.327047,-2.93184351921082,79.0229034423828,0
2010-11-28 01:15:00,FALSE,0,0,209.327047,-2.89055562019348,78.5572204589844,0
2010-11-28 01:30:00,FALSE,0,0,209.48088450457,-3.11222219467163,79.0194473266602,0
2010-11-28 01:45:00,FALSE,0,0,211.18088450457,-3.02333331108093,78.9749984741211,0
2010-11-28 02:00:00,FALSE,0,0,212.58088450457,-3.03743028640747,78.8737411499023,0
2010-11-28 02:15:00,FALSE,0,0,214.28088450457,-3.03777766227722,78.732780456543,0
2010-11-28 02:30:00,FALSE,0,0,213.935217653403,-3.1061110496521,78.4905548095703,0
2010-11-28 02:45:00,FALSE,0,0,211.990046079287,-3.04388880729675,78.5027770996094,0
2010-11-28 03:00:00,FALSE,0,0,210.790046079287,-3.17486023902893,78.725700378418,0
2010-11-28 03:15:00,FALSE,0,0,210.390046079287,-3.27166676521301,79.2649993896484,0
2010-11-28 03:30:00,FALSE,0,0,210.745369415148,-3.29611110687256,79.4722213745117,0
2010-11-28 03:45:00,FALSE,0,0,211.545369415148,-3.32611107826233,79.10888671875,0
2010-11-28 04:00:00,FALSE,0,0,213.845369415148,-3.3759777545929,79.2162017822266,0
2010-11-28 04:15:00,FALSE,0,0,218.445369415148,-3.37611103057861,79.0233306884766,0
2010-11-28 04:30:00,FALSE,0,0,218.101187294044,-3.5338888168335,79.7677764892578,0
2010-11-28 04:45:00,FALSE,0,0,216.501187294044,-3.46166658401489,79.8272247314453,0
2010-11-28 05:00:00,FALSE,0,0,215.657499349172,-3.45977663993835,79.8592147827148,0
2010-11-28 05:15:00,FALSE,0,0,216.914305213866,-3.53222227096558,79.9722213745117,0
2010-11-28 05:30:00,FALSE,0,0,217.414305213866,-3.56500005722046,80.2750015258789,0
2010-11-28 05:45:00,FALSE,0,0,218.224305213866,-3.58555555343628,80.3105545043945,0
2010-11-28 06:00:00,FALSE,0,0,218.664305213866,-3.52737426757812,80.2949752807617,0
2010-11-28 06:15:00,FALSE,0,0,219.794305213866,-3.55666661262512,80.6044464111328,0
2010-11-28 06:30:00,FALSE,0,0,220.051604521592,-3.60055565834045,80.853889465332,0
2010-11-28 06:45:00,FALSE,0,0,216.129396905957,-3.6777777671814,81.3444442749023,0
2010-11-28 07:00:00,FALSE,0,0,213.329396905957,-3.64692735671997,81.3435745239258,0
2010-11-28 07:15:00,FALSE,0,0,215.629396905957,-3.68555545806885,81.5599975585938,0
2010-11-28 07:30:00,FALSE,0,0,220.391604521592,-3.66000008583069,81.5322189331055,0
2010-11-28 07:45:00,FALSE,0,0.946,228.811604521592,-3.85333323478699,81.712776184082,0
2010-11-28 08:00:00,TRUE,42.7753090657195,6.2,242.674305213866,-3.84469270706177,82.2039108276367,0
2010-11-28 08:15:00,TRUE,85.2930452212324,14.23,245.131187294044,-3.64111113548279,82.5305557250977,0
2010-11-28 08:30:00,TRUE,125.779815407805,21.15,232.055369415148,-3.72541427612305,82.4243087768555,0
2010-11-28 08:45:00,TRUE,164.062331050904,32.68,241.740046079287,-3.73777770996094,82.5633316040039,0
2010-11-28 09:00:00,TRUE,199.976738168558,40.55,233.155217653403,-3.79050278663635,82.9910583496094,0
2010-11-28 09:15:00,TRUE,233.369318683623,53.76,235.017047,-3.61166667938232,82.6711120605469,0
2010-11-28 09:30:00,TRUE,264.097148352406,58.17,233.707047,-3.70777773857117,83.1761093139648,0
2010-11-28 09:45:00,TRUE,292.028708493874,75.61,236.910860393179,-3.63888883590698,82.8933334350586,0
2010-11-28 10:00:00,TRUE,317.044448900789,110.3,236.374874108045,-3.334636926651,81.770393371582,0
2010-11-28 10:15:00,TRUE,339.037299523837,187.2,217.80244923579,-3.15777778625488,80.2916641235352,0
2010-11-28 10:30:00,TRUE,357.913128738613,210.7,211.2842074992,-3.02944445610046,79.5561141967773,0
2010-11-28 10:45:00,TRUE,373.591146233983,221.2,211.003857526386,-2.86999988555908,77.7211074829102,0
2010-11-28 11:00:00,TRUE,386.004248797557,226.3,211.692609983199,-2.58100557327271,75.6474838256836,0
2010-11-28 11:15:00,TRUE,395.099307518305,190,211.492693367272,-2.49333333969116,73.6444473266602,0
2010-11-28 11:30:00,TRUE,400.837395177053,259.7,213.665156074164,-2.15722227096558,72.6183319091797,0
2010-11-28 11:45:00,TRUE,403.193952851712,253.5,215.2303680735,-1.76777780056,71.0588912963867,0
2010-11-28 12:00:00,TRUE,402.158895024167,256.9,216.5587043952,-0.856424570083618,67.9994430541992,0
2010-11-28 12:15:00,TRUE,397.73665273904,270.5,216.046246089784,-1.53833329677582,66.0238876342773,0
2010-11-28 12:30:00,TRUE,389.946154629624,269.6,217.346246089784,-1.29777777194977,64.4711074829102,0
2010-11-28 12:45:00,TRUE,378.820745892309,253.1,217.19923284073,-1.6972222328186,63.739444732666,0
2010-11-28 13:00:00,TRUE,364.408045556292,245.5,217.0303680735,-2.01005578041077,65.0346374511719,0
2010-11-28 13:15:00,TRUE,346.769742659593,237.2,218.494446600027,-1.54555559158325,63.7555541992188,0
2010-11-28 13:30:00,TRUE,325.981332203792,186.3,218.794446600027,-1.27777779102325,63.3650016784668,0
2010-11-28 13:45:00,TRUE,302.131792017696,182.2,220.772506610433,-1.21055555343628,62.0894432067871,0
2010-11-28 14:00:00,TRUE,275.323201913075,208.5,225.5121463047,-0.664804458618164,61.3273735046387,0
2010-11-28 14:15:00,TRUE,245.670306762557,188,234.560614891239,-0.280000001192093,60.3177795410156,0
2010-11-28 14:30:00,TRUE,213.300025369731,160.5,226.5303680735,-0.37388888001442,60.8800010681152,0
2010-11-28 14:45:00,TRUE,178.35090723396,105.3,225.372506610433,-0.0155555559322238,61.0361099243164,0
2010-11-28 15:00:00,TRUE,140.972539534416,47.95,229.292693367272,-0.232402235269547,62.2039108276367,0
2010-11-28 15:15:00,TRUE,101.324906872321,73.86,236.162567865219,-0.106666669249535,61.7761116027832,0
2010-11-28 15:30:00,TRUE,59.5777065112309,41.68,234.492693367272,-0.179444447159767,62.674446105957,0
2010-11-28 15:45:00,TRUE,15.909622046459,12.48,260.851009258221,-0.226666674017906,63.977222442627,0
2010-11-28 16:00:00,FALSE,0,3.529,237.452136059713,-0.353631287813187,65.1240234375,0
2010-11-28 16:15:00,FALSE,0,0.177,280.156865633801,-0.531111121177673,66.5311126708984,0
2010-11-28 16:30:00,FALSE,0,0,301.957916557294,-0.605555534362793,67.6255569458008,0
2010-11-28 16:45:00,FALSE,0,0,306.352136059713,-0.741666674613953,68.6983337402344,0
2010-11-28 17:00:00,FALSE,0,0,294.906865633801,-0.772067010402679,68.9715118408203,0
2010-11-28 17:15:00,FALSE,0,0,278.724111061569,-0.853333353996277,70.8888854980469,0
2010-11-28 17:30:00,FALSE,0,0,263.35593373184,-0.756666660308838,72.4566650390625,0
2010-11-28 17:45:00,FALSE,0,0,294.22593373184,-0.70722222328186,73.0561141967773,0
2010-11-28 18:00:00,FALSE,0,0,291.978151545874,-0.604469299316406,74.2525177001953,0
2010-11-28 18:15:00,FALSE,0,0,292.518151545874,-0.46000000834465,75.8249969482422,0
2010-11-28 18:30:00,FALSE,0,0,251.5542233847,-0.45444443821907,77.8272247314453,0
2010-11-28 18:45:00,FALSE,0,0,235.972133429658,-0.414444446563721,79.0222244262695,0
2010-11-28 19:00:00,FALSE,0,0,278.842323604972,-0.477094978094101,79.2530746459961,0
2010-11-28 19:15:00,FALSE,0,0,291.3342233847,-0.452777773141861,80.4611129760742,0
2010-11-28 19:30:00,FALSE,0,0,280.2442233847,-0.340555548667908,81.5905532836914,0
2010-11-28 19:45:00,FALSE,0,0,259.4542233847,-0.29388889670372,82.1916656494141,0
2010-11-28 20:00:00,FALSE,0,0,255.232323604972,-0.300000011920929,82.1195526123047,0
2010-11-28 20:15:00,FALSE,0,0,288.3742233847,-0.312290489673615,82.5899429321289,0
2010-11-28 20:30:00,FALSE,0,0,281.84593373184,-0.166467070579529,81.8586807250977,0
2010-11-28 20:45:00,FALSE,0,0,289.51593373184,-0.256666660308838,82.1733322143555,0
2010-11-28 21:00:00,FALSE,0,0,277.728151545874,-0.157541900873184,81.5324020385742,0
2010-11-28 21:15:00,FALSE,0,0,264.66593373184,-0.15082873404026,81.0165710449219,0
2010-11-28 21:30:00,FALSE,0,0,242.54593373184,-0.16611111164093,80.5316696166992,0
2010-11-28 21:45:00,FALSE,0,0,243.623020132887,-0.186111107468605,80.1977767944336,0
2010-11-28 22:00:00,FALSE,0,0,264.18593373184,-0.186592176556587,79.3396682739258,0
2010-11-28 22:15:00,FALSE,0,0,275.538151545874,-0.149444445967674,78.2944412231445,0
2010-11-28 22:30:00,FALSE,0,0,293.722104907039,-0.00888888910412788,76.2644424438477,0
2010-11-28 22:45:00,FALSE,0,0,277.102136059713,0.00944444444030523,74.4755554199219,0
2010-11-28 23:00:00,FALSE,0,0,244.187853507044,0,74.4256973266602,0
2010-11-28 23:15:00,FALSE,0,0,240.940877198504,-0.0483333319425583,75.3027801513672,0
2010-11-28 23:30:00,FALSE,0,0,239.358151545874,-0.101111114025116,75.1688919067383,0
2010-11-28 23:45:00,FALSE,0,0,228.50593373184,-0.118333332240582,74.2033309936523,0
2010-11-29 00:00:00,FALSE,0,0,226.8442233847,-0.22737430036068,74.3955307006836,0
2010-12-09 00:15:00,FALSE,0,0,212.411605007103,-1.27833330631256,66.4305572509766,0
2010-12-09 00:30:00,FALSE,0,0,212.6549489152,-1.39944446086884,66.7788925170898,0
2010-12-09 00:45:00,FALSE,0,0,211.698796210444,-1.40611112117767,66.6833343505859,0
2010-12-09 01:00:00,FALSE,0,0,210.643146522766,-1.63016760349274,67.2463684082031,0
2010-12-09 01:15:00,FALSE,0,0,209.887999482232,-1.7861111164093,67.5216674804688,0
2010-12-09 01:30:00,FALSE,0,0,209.733354719045,-1.87444448471069,67.6005554199219,0
2010-12-09 01:45:00,FALSE,0,0,209.233354719045,-1.81277775764465,67.1983337402344,0
2010-12-09 02:00:00,FALSE,0,0,208.733354719045,-1.81005585193634,66.7793273925781,0
2010-12-09 02:15:00,FALSE,0,0,209.287999482232,-1.70111107826233,66.3327789306641,0
2010-12-09 02:30:00,FALSE,0,0,208.987999482232,-1.68555557727814,65.8011093139648,0
2010-12-09 02:45:00,FALSE,0,0,208.587999482232,-1.7127777338028,65.6327743530273,0
2010-12-09 03:00:00,FALSE,0,0,208.233354719045,-1.79441344738007,65.9430160522461,0
2010-12-09 03:15:00,FALSE,0,0,209.833354719045,-1.82611107826233,66.3038864135742,0
2010-12-09 03:30:00,FALSE,0,0,210.679211863544,-1.96111106872559,67.0422210693359,0
2010-12-09 03:45:00,FALSE,0,0,211.479211863544,-1.75499999523163,66.6927795410156,0
2010-12-09 04:00:00,FALSE,0,0,211.933354719045,-1.63055551052094,65.8172225952148,0
2010-12-09 04:15:00,FALSE,0,0,212.387999482232,-1.61277782917023,65.771110534668,0
2010-12-09 04:30:00,FALSE,0,0,213.543146522766,-1.53999996185303,66.0088882446289,0
2010-12-09 04:45:00,FALSE,0,0,214.543146522766,-1.54055559635162,66.5955581665039,0
2010-12-09 05:00:00,FALSE,0,0,214.743146522766,-1.39329612255096,66.9491653442383,0
2010-12-09 05:15:00,FALSE,0,0,215.043146522766,-1.35555553436279,68.1666641235352,0
2010-12-09 05:30:00,FALSE,0,0,215.498796210444,-1.45555555820465,70.004997253418,0
2010-12-09 05:45:00,FALSE,0,0,216.0549489152,-1.55833327770233,71.1972198486328,0
2010-12-09 06:00:00,FALSE,0,0,216.811605007103,-1.44134080410004,71.4111709594727,0
2010-12-09 06:15:00,FALSE,0,0,216.811605007103,-1.39999997615814,71.5783309936523,0
2010-12-09 06:30:00,FALSE,0,0,218.026428833311,-1.2872222661972,71.8244476318359,0
2010-12-09 06:45:00,FALSE,0,0,218.784597308434,-1.09555554389954,71.9816665649414,0
2010-12-09 07:00:00,FALSE,0,0,219.643270652344,-1.01284921169281,72.470947265625,0
2010-12-09 07:15:00,FALSE,0,0,219.90244923579,-1.09777772426605,73.6283340454102,0
2010-12-09 07:30:00,FALSE,0,0,220.343270652344,-1.1261111497879,74.2149963378906,0
2010-12-09 07:45:00,FALSE,0,0,241.49244923579,-1.22055554389954,74.9144439697266,0
2010-12-09 08:00:00,FALSE,0,3.596,260.493020132887,-1.01396644115448,74.9374313354492,0
2010-12-09 08:15:00,TRUE,42.3025893367987,12.02,246.28593373184,-0.983333349227905,75.0766677856445,0
2010-12-09 08:30:00,TRUE,82.9603747369297,13.39,299.274111061569,-0.957777798175812,75.2544479370117,0
2010-12-09 08:45:00,TRUE,121.486393859166,20.57,299.867853507044,-1.02333331108093,75.8261108398438,0
2010-12-09 09:00:00,TRUE,157.7157748029,23.08,300.597853507044,-0.930167615413666,75.9938583374023,0
2010-12-09 09:15:00,TRUE,191.493474181969,40.43,286.596865633801,-0.874444425106049,76.0449981689453,0
2010-12-09 09:30:00,TRUE,222.674940629579,59.08,226.022104907039,-0.826111137866974,76.0738906860352,0
2010-12-09 09:45:00,TRUE,251.126733402204,128.1,222.3752734375,-0.738333344459534,75.9116668701172,0
2010-12-09 10:00:00,TRUE,276.727093435372,145.9,222.3177947392,-0.45865923166275,74.9631271362305,0
2010-12-09 10:15:00,TRUE,299.366464407316,165.9,223.672506610433,-0.38055557012558,74.8833312988281,0
2010-12-09 10:30:00,TRUE,318.947961580791,204.6,231.677269336491,0.112777777016163,72.875,0
2010-12-09 10:45:00,TRUE,335.387786416585,200.9,238.713792238674,0.49444442987442,71.8433303833008,0
2010-12-09 11:00:00,TRUE,348.615585184502,146.5,231.060614891239,1.09329605102539,70.2273712158203,0
2010-12-09 11:15:00,TRUE,358.574750037061,210.8,231.746246089784,1.47166669368744,69.3199996948242,0
2010-12-09 11:30:00,TRUE,365.222661257632,232.8,231.550667563585,1.87944447994232,68.4372253417969,0
2010-12-09 11:45:00,TRUE,368.530869646206,255.2,240.527255185544,2.15333342552185,67.8550033569336,0
2010-12-09 12:00:00,TRUE,368.485218262447,255.9,275.607255185544,2.37569069862366,66.8729248046875,0
2010-12-09 12:15:00,TRUE,365.085903004961,306.4,271.272729965996,2.46833324432373,66.9288864135742,0
2010-12-09 12:30:00,TRUE,358.347471767614,309.9,264.505708974507,2.76611113548279,67.0016632080078,0
2010-12-09 12:45:00,TRUE,348.29876217656,227.9,240.00809014031,2.97166657447815,67.3105545043945,0
2010-12-09 13:00:00,TRUE,334.982778174415,281.4,258.505968246267,2.95474863052368,68.0921783447266,0
2010-12-09 13:15:00,TRUE,318.456505979828,203.2,274.255708974507,3.38111114501953,67.0027770996094,0
2010-12-09 13:30:00,TRUE,298.79067021005,163,267.483793281861,3.17555546760559,67.0616683959961,0
2010-12-09 13:45:00,TRUE,276.06943121021,79.26,242.2587043952,3.17388892173767,66.9961090087891,0
2010-12-09 14:00:00,TRUE,250.390024884652,172,242.06555533199,3.19944143295288,67.3670425415039,0
2010-12-09 14:15:00,TRUE,221.862346571616,163.2,243.037899834942,3.32388877868652,67.5461120605469,0
2010-12-09 14:30:00,TRUE,190.608480742161,138.6,244.427255185544,3.51999998092651,66.9588851928711,0
2010-12-09 14:45:00,TRUE,156.762178536112,111.7,240.2578466327,3.33833336830139,67.8272247314453,0
2010-12-09 15:00:00,TRUE,120.468285370649,87.2,240.473793281861,3.44636869430542,68.0111694335938,0
2010-12-09 15:15:00,TRUE,81.882121071483,59.03,238.722908513612,3.32500004768372,68.9222259521484,0
2010-12-09 15:30:00,TRUE,41.1688151790762,28.16,250.29923284073,3.25642466545105,69.5229034423828,0
2010-12-09 15:45:00,FALSE,0,9.06,253.677269336491,3.16944456100464,69.8949966430664,0
2010-12-09 16:00:00,FALSE,0,3.269,263.8021463047,2.97932958602905,70.0167617797852,0
2010-12-09 16:15:00,FALSE,0,0.472,281.7821463047,3.01055550575256,69.4094467163086,0
2010-12-09 16:30:00,FALSE,0,0,281.5203680735,2.86999988555908,69.0305557250977,0
2010-12-09 16:45:00,FALSE,0,0,271.728161996609,2.48722219467163,70.3533325195312,0
2010-12-09 17:00:00,FALSE,0,0,264.948161996609,2.6888267993927,70.3759765625,0
2010-12-09 17:15:00,FALSE,0,0,257.368161996609,2.66166663169861,70.646110534668,0
2010-12-09 17:30:00,FALSE,0,0,253.818468254544,2.57888889312744,71.3772201538086,0
2010-12-09 17:45:00,FALSE,0,0,263.728161996609,2.59277772903442,71.6438903808594,0
2010-12-09 18:00:00,FALSE,0,0,260.708161996609,2.64469265937805,72.0083770751953,0
2010-12-09 18:15:00,FALSE,0,0,266.458376296124,2.83722233772278,71.629997253418,0
2010-12-09 18:30:00,FALSE,0,0,282.928376296124,2.63388895988464,72.4072189331055,0
2010-12-09 18:45:00,FALSE,0,0,277.528161996609,2.46499991416931,73.0861129760742,0
2010-12-09 19:00:00,FALSE,0,0,244.729294693599,2.47765374183655,73.5351943969727,0
2010-12-09 19:15:00,FALSE,0,0,239.272506610433,2.28777766227722,74.2455520629883,0
2010-12-09 19:30:00,FALSE,0,0,238.7177947392,1.85444450378418,75.9672241210938,0
2010-12-09 19:45:00,FALSE,0,0,238.941216443681,1.80111110210419,76.5094451904297,0
2010-12-09 20:00:00,FALSE,0,0,238.565156074164,1.78212285041809,76.7765350341797,0
2010-12-09 20:15:00,FALSE,0,0,238.965156074164,1.75999999046326,76.9872207641602,0
2010-12-09 20:30:00,FALSE,0,0,238.589613255274,1.72333335876465,77.3211135864258,0
2010-12-09 20:45:00,FALSE,0,0,239.789613255274,1.6788889169693,77.6433334350586,0
2010-12-09 21:00:00,FALSE,0,0,239.389613255274,1.638547539711,78.055305480957,0
2010-12-09 21:15:00,FALSE,0,0,239.565156074164,1.79111111164093,77.9611129760742,0
2010-12-09 21:30:00,FALSE,0,0,238.989613255274,1.61000001430511,78.6605529785156,0
2010-12-09 21:45:00,FALSE,0,0,238.440078768544,1.45388889312744,79.5322189331055,0
2010-12-09 22:00:00,FALSE,0,0,238.740078768544,1.47039103507996,79.948600769043,0
2010-12-09 22:15:00,FALSE,0,0,239.240078768544,1.4638888835907,80.1755523681641,0
2010-12-09 22:30:00,FALSE,0,0,240.240078768544,1.48777782917023,80.6261138916016,0
2010-12-09 22:45:00,FALSE,0,0,242.340078768544,1.52388894557953,80.788330078125,0
2010-12-09 23:00:00,FALSE,0,0,244.640078768544,1.47206699848175,81.274299621582,0
2010-12-09 23:15:00,FALSE,0,0,243.740078768544,1.41888892650604,81.8211135864258,0
2010-12-09 23:30:00,FALSE,0,0,242.040078768544,1.43777775764465,82.1211090087891,0
2010-12-09 23:45:00,FALSE,0,0,246.140078768544,1.46000003814697,82.4044418334961,0
2010-12-10 00:00:00,FALSE,0,0,251.980078768544,1.5162011384964,82.6927337646484,0
2010-12-26 00:15:00,FALSE,0,0,222.314234267256,-2.83333325386047,80.2294464111328,0
2010-12-26 00:30:00,FALSE,0,0,222.314451083124,-3.13499999046326,81.1477813720703,0
2010-12-26 00:45:00,FALSE,0,0,222.016660773355,-3.40166664123535,81.7399978637695,0
2010-12-26 01:00:00,FALSE,0,0,222.016660773355,-3.3027777671814,80.7355575561523,0
2010-12-26 01:15:00,FALSE,0,0,221.720860393179,-3.53500008583069,80.8605575561523,0
2010-12-26 01:30:00,FALSE,0,0,221.173705507042,-3.67666673660278,80.6350021362305,0
2010-12-26 01:45:00,FALSE,0,0,221.620860393179,-3.60999989509583,80.5677795410156,0
2010-12-26 02:00:00,FALSE,0,0,221.120860393179,-3.45777773857117,80.3883361816406,0
2010-12-26 02:15:00,FALSE,0,0,220.973705507042,-3.66166663169861,80.9677810668945,0
2010-12-26 02:30:00,FALSE,0,0,220.78088450457,-3.8205554485321,81.8322219848633,0
2010-12-26 02:45:00,FALSE,0,0,220.927047,-3.6438889503479,80.8644409179688,0
2010-12-26 03:00:00,FALSE,0,0,220.927047,-3.80388879776001,80.8611145019531,0
2010-12-26 03:15:00,FALSE,0,0,220.627047,-3.54277777671814,80.1211090087891,0
2010-12-26 03:30:00,FALSE,0,0,220.527047,-3.49111104011536,79.4205551147461,0
2010-12-26 03:45:00,FALSE,0,0,220.127047,-3.45055556297302,79.5505523681641,0
2010-12-26 04:00:00,FALSE,0,0,219.827047,-3.57500004768372,79.3888854980469,0
2010-12-26 04:15:00,FALSE,0,0,219.835217653403,-3.96000003814697,80.8627777099609,0
2010-12-26 04:30:00,FALSE,0,0,219.535217653403,-3.99333333969116,80.3399963378906,0
2010-12-26 04:45:00,FALSE,0,0,219.490046079287,-3.98611116409302,80.5400009155273,0
2010-12-26 05:00:00,FALSE,0,0,219.535217653403,-3.89277768135071,80.0800018310547,0
2010-12-26 05:15:00,FALSE,0,0,219.835217653403,-3.83277773857117,79.5094451904297,0
2010-12-26 05:30:00,FALSE,0,0,219.935217653403,-3.77611112594604,79.5744476318359,0
2010-12-26 05:45:00,FALSE,0,0,219.827047,-3.3561110496521,77.9416656494141,0
2010-12-26 06:00:00,FALSE,0,0,220.027047,-3.4300000667572,78.087776184082,0
2010-12-26 06:15:00,FALSE,0,0,219.88088450457,-3.3205554485321,78.0527801513672,0
2010-12-26 06:30:00,FALSE,0,0,219.327047,-3.34722232818604,77.7744445800781,0
2010-12-26 06:45:00,FALSE,0,0,219.18088450457,-3.58833336830139,78.4761123657227,0
2010-12-26 07:00:00,FALSE,0,0,218.490046079287,-3.8388888835907,79.8088912963867,0
2010-12-26 07:15:00,FALSE,0,0,218.88088450457,-3.50944447517395,78.2516632080078,0
2010-12-26 07:30:00,FALSE,0,0,219.28088450457,-3.70722222328186,78.6005554199219,0
2010-12-26 07:45:00,FALSE,0,0,219.335217653403,-3.69055557250977,78.6166687011719,0
2010-12-26 08:00:00,FALSE,0,1.829,220.335217653403,-3.70222210884094,79.3288879394531,0
2010-12-26 08:15:00,TRUE,8.43477200423104,6.97,221.027047,-3.54999995231628,78.4127807617188,0
2010-12-26 08:30:00,TRUE,50.0226863454792,21.42,220.468512026031,-3.77833342552185,77.8727798461914,0
2010-12-26 08:45:00,TRUE,89.5812095108678,46.78,222.5160132727,-3.78666663169861,77.3938903808594,0
2010-12-26 09:00:00,TRUE,126.941062016145,66.8,224.511605007103,-3.05666661262512,74.98388671875,0
2010-12-26 09:15:00,TRUE,161.942372948487,83.1,224.911605007103,-3.40000009536743,74.9705581665039,0
2010-12-26 09:30:00,TRUE,194.435364089174,81.3,225.062133429658,-2.63055562973022,73.1399993896484,0
2010-12-26 09:45:00,TRUE,224.280990847791,89.9,225.583020132887,-2.39833331108093,72.3194427490234,0
2010-12-26 10:00:00,TRUE,251.351537264807,107.2,224.894111061569,-2.43055558204651,73.3405532836914,0
2010-12-26 10:15:00,TRUE,275.531162536751,109.9,221.852136059713,-2.30111122131348,72.5188903808594,0
2010-12-26 10:30:00,TRUE,296.716396725009,168.9,222.819649291551,-1.81722223758698,71.6111145019531,0
2010-12-26 10:45:00,TRUE,314.816583527152,176.8,223.308468254544,-1.34388887882233,68.9944458007812,0
2010-12-26 11:00:00,TRUE,329.754268215983,186,222.5121463047,-0.963333308696747,67.5650024414062,0
2010-12-26 11:15:00,TRUE,341.465529086325,206.2,222.994446600027,-0.779444456100464,67.7055587768555,0
2010-12-26 11:30:00,TRUE,349.900250991041,227,226.2587043952,-0.198888882994652,66.6061096191406,0
2010-12-26 11:45:00,TRUE,355.022339795953,188.2,228.0587043952,0.381111115217209,63.5633316040039,0
2010-12-26 12:00:00,TRUE,356.809876835799,180.4,231.188161996609,-0.0333333350718021,65.5477752685547,0
2010-12-26 12:15:00,TRUE,355.255212710346,155.7,231.629294693599,0.0861111134290695,64.620002746582,0
2010-12-26 12:30:00,TRUE,350.365000019257,167.7,232.529294693599,0.473333328962326,64.2533340454102,0
2010-12-26 12:45:00,TRUE,342.160164895622,173.9,234.508468254544,0.428333342075348,63.9500007629395,0
2010-12-26 13:00:00,TRUE,330.675817459942,174.4,235.950640937581,0.435555547475815,64.4366683959961,0
2010-12-26 13:15:00,TRUE,315.961101577788,158.1,237.772506610433,0.508333325386047,64.7472229003906,0
2010-12-26 13:30:00,TRUE,298.078984564004,136.6,236.794891336235,0.728333353996277,62.9983329772949,0
2010-12-26 13:45:00,TRUE,277.105987733312,116.4,240.366086350631,0.437222212553024,63.2244453430176,0
2010-12-26 14:00:00,TRUE,253.13185895047,102.4,246.629649291551,0.58222222328186,62.716667175293,0
2010-12-26 14:15:00,TRUE,226.259188581065,88.1,248.779649291551,0.790000021457672,60.7633323669434,0
2010-12-26 14:30:00,TRUE,196.602970486399,76.94,248.599649291551,0.952777802944183,59.8177795410156,0
2010-12-26 14:45:00,TRUE,164.290109941143,59.98,248.627203901126,0.99444442987442,60.2611122131348,0
2010-12-26 15:00:00,TRUE,129.458880579313,38.81,258.892955793631,0.852777779102325,61.4000015258789,0
2010-12-26 15:15:00,TRUE,92.2583326925878,25.32,278.382955793631,0.941111087799072,61.1605567932129,0
2010-12-26 15:30:00,TRUE,52.8476554128336,12.4,287.502567865219,0.801111102104187,61.1116676330566,0
2010-12-26 15:45:00,TRUE,11.3954955082641,5.625,288.512693367272,0.843888878822327,61.2494430541992,0
2010-12-26 16:00:00,FALSE,0,1.207,287.702693367272,0.915000021457672,59.5716667175293,0
2010-12-26 16:15:00,FALSE,0,0,284.102693367272,1.00055551528931,59.0816650390625,0
2010-12-26 16:30:00,FALSE,0,0,275.292693367272,1.0711110830307,59.0250015258789,0
2010-12-26 16:45:00,FALSE,0,0,268.272567865219,1.22833335399628,58.4233322143555,0
2010-12-26 17:00:00,FALSE,0,0,255.392567865219,1.40166664123535,59.0183334350586,0
2010-12-26 17:15:00,FALSE,0,0,256.302567865219,1.4283332824707,60.077220916748,0
2010-12-26 17:30:00,FALSE,0,0,269.862955793631,1.3933333158493,61.4599990844727,0
2010-12-26 17:45:00,FALSE,0,0,283.342955793631,1.47944450378418,63.0205574035645,0
2010-12-26 18:00:00,FALSE,0,0,286.7452734375,1.58833336830139,64.2399978637695,0
2010-12-26 18:15:00,FALSE,0,0,285.803857526386,1.36444449424744,65.4516677856445,0
2010-12-26 18:30:00,FALSE,0,0,285.713857526385,1.23888885974884,65.9677810668945,0
2010-12-26 18:45:00,FALSE,0,0,286.7052734375,1.39944446086884,66.4077758789062,0
2010-12-26 19:00:00,FALSE,0,0,288.837203901126,1.66555559635162,66.4261093139648,0
2010-12-26 19:15:00,FALSE,0,0,289.957203901126,1.54222226142883,67.2894439697266,0
2010-12-26 19:30:00,FALSE,0,0,290.649649291551,1.52388894557953,68.0144424438477,0
2010-12-26 19:45:00,FALSE,0,0,289.222609983199,1.57777774333954,68.6594467163086,0
2010-12-26 20:00:00,FALSE,0,0,281.062609983199,1.57277774810791,68.8111114501953,0
2010-12-26 20:15:00,FALSE,0,0,273.399649291551,1.44111108779907,69.1033325195312,0
2010-12-26 20:30:00,FALSE,0,0,270.507203901126,1.38499999046326,70.0344467163086,0
2010-12-26 20:45:00,FALSE,0,0,276.457203901126,1.38333332538605,70.8150024414062,0
2010-12-26 21:00:00,FALSE,0,0,282.179649291551,1.3738888502121,71.3694458007812,0
2010-12-26 21:15:00,FALSE,0,0,285.249649291551,1.22444438934326,72.1327743530273,0
2010-12-26 21:30:00,FALSE,0,0,284.132609983199,1.22777771949768,72.4811096191406,0
2010-12-26 21:45:00,FALSE,0,0,279.146086350631,1.24611115455627,72.51611328125,0
2010-12-26 22:00:00,FALSE,0,0,282.972609983199,1.10222220420837,72.7200012207031,0
2010-12-26 22:15:00,FALSE,0,0,282.449649291551,0.949444472789764,73.1922225952148,0
2010-12-26 22:30:00,FALSE,0,0,266.029649291551,0.993888914585114,73.3422241210938,0
2010-12-26 22:45:00,FALSE,0,0,283.829649291551,1.01888883113861,73.7300033569336,0
2010-12-26 23:00:00,FALSE,0,0,290.722609983199,1.04777777194977,74.3300018310547,0
2010-12-26 23:15:00,FALSE,0,0,288.506086350631,1.10055553913116,74.9783325195312,0
2010-12-26 23:30:00,FALSE,0,0,293.166086350631,1.10000002384186,75.8411102294922,0
2010-12-26 23:45:00,FALSE,0,0,294.390078768544,1.20388889312744,76.4116668701172,0
2010-12-27 00:00:00,FALSE,0,0,297.729613255274,1.36333334445953,76.4761123657227,0
